purchase_id,order_start,order_end,billing_amount,payment_id,purchase_result
0,2022/08/12,2022/08/19,787.81,5,Success
1,2024/02/02,2024/02/09,549.35,1,Success
2,2022/06/29,2022/07/02,636.51,5,Success
3,2021/10/09,2021/10/14,253.34,3,Success
4,2023/07/19,2023/07/29,68.16,6,Success
5,2021/10/26,2021/10/27,184.38,1,Success
6,2022/05/12,2022/05/13,208.84,5,Success
7,2022/04/05,2022/04/08,715.05,8,Success
8,2024/04/08,2024/04/14,534.28,2,Success
9,2022/04/08,2022/04/17,600.1,8,Success
10,2023/05/16,2023/05/22,353.36,5,Success
11,2023/11/07,2023/11/14,638.2,3,Success
12,2023/11/19,2023/11/27,328.53,4,Success
13,2022/12/02,2022/12/06,491.75,5,Success
14,2024/04/19,2024/04/23,271.86,6,Success
15,2022/01/25,2022/01/28,370.9,8,Success
16,2021/09/01,2021/09/11,581.31,4,Success
17,2023/05/04,2023/05/13,690.35,4,Success
18,2022/05/19,2022/05/23,728.94,8,Success
19,2023/01/27,2023/02/01,560.46,4,Success
20,2022/04/07,2022/04/13,331.61,3,Success
21,2021/11/30,2021/12/09,364.96,4,Success
22,2023/06/02,2023/06/11,154.65,7,Success
23,2022/01/31,2022/02/08,374.25,0,Success
24,2022/12/19,2022/12/29,764.67,7,Success
25,2023/01/26,2023/01/31,525.24,0,Success
26,2024/01/09,2024/01/15,38.17,1,Success
27,2023/09/27,2023/10/06,445.41,1,Success
28,2024/03/12,2024/03/20,289.41,2,Success
29,2024/05/27,2024/06/02,42.84,4,Success
30,2022/11/17,2022/11/25,21.06,3,Success
31,2022/09/04,2022/09/06,281.14,6,Success
32,2022/12/27,2023/01/06,783.38,2,Success
33,2024/01/08,2024/01/13,626.95,6,Success
34,2023/02/02,2023/02/09,422.85,9,Success
35,2024/03/17,2024/03/27,605.53,2,Success
36,2022/06/03,2022/06/12,307.39,5,Success
37,2024/03/21,2024/03/30,130.09,4,Success
38,2021/08/28,2021/09/05,198.78,5,Success
39,2024/03/07,2024/03/13,88.02,9,Success
40,2023/05/27,2023/06/03,133.92,2,Cancelled
41,2022/06/11,2022/06/17,642.57,0,Success
42,2024/05/04,2024/05/07,670.58,0,Success
43,2024/05/03,2024/05/13,339.57,3,Success
44,2021/08/04,2021/08/06,739.43,4,Failure
45,2024/01/30,2024/02/09,783.52,8,Success
46,2022/12/16,2022/12/19,609.37,0,Success
47,2022/07/21,2022/07/27,401.78,0,Success
48,2023/08/03,2023/08/13,517.35,6,Success
49,2021/08/08,2021/08/11,620.3,9,Success
50,2022/07/27,2022/08/01,444.83,3,Success
51,2022/02/01,2022/02/05,245.02,2,Success
52,2021/10/07,2021/10/12,777.55,8,Success
53,2023/09/07,2023/09/15,307.59,6,Success
54,2021/08/21,2021/08/26,53.99,4,Success
55,2023/05/01,2023/05/07,292.7,8,Success
56,2024/03/15,2024/03/16,726.99,7,Success
57,2024/06/18,2024/06/25,523.42,3,Success
58,2021/08/16,2021/08/24,459.05,2,Success
59,2023/11/03,2023/11/06,109.11,2,Success
60,2021/10/23,2021/10/27,82.53,3,Success
61,2024/06/18,2024/06/27,398.9,0,Success
62,2023/10/30,2023/11/03,67.58,8,Success
63,2022/06/10,2022/06/17,471.35,4,Success
64,2022/08/09,2022/08/18,327.14,0,Cancelled
65,2022/02/22,2022/02/26,576.98,0,Success
66,2022/12/03,2022/12/07,639.57,6,Cancelled
67,2022/06/21,2022/06/22,610.32,2,Success
68,2022/04/24,2022/04/26,533.9,5,Success
69,2022/12/21,2022/12/23,181.34,3,Success
70,2022/05/02,2022/05/06,517.78,2,Success
71,2023/02/18,2023/02/22,615.54,5,Success
72,2022/05/24,2022/05/28,719.6,4,Success
73,2024/06/27,2024/06/30,380.76,1,Failure
74,2021/10/16,2021/10/21,217.38,8,Success
75,2024/05/17,2024/05/23,238.42,3,Success
76,2024/01/20,2024/01/21,333.62,8,Success
77,2022/12/16,2022/12/25,21.73,2,Success
78,2023/08/27,2023/08/30,575.16,5,Success
79,2022/10/04,2022/10/07,76.68,5,Success
80,2022/08/15,2022/08/18,134.17,4,Success
81,2022/11/19,2022/11/25,190.88,5,Success
82,2022/10/26,2022/10/28,257.1,3,Success
83,2021/11/12,2021/11/19,75.08,1,Success
84,2023/08/17,2023/08/19,341.73,7,Success
85,2023/10/11,2023/10/16,711.96,0,Success
86,2022/08/18,2022/08/24,129.37,0,Success
87,2023/01/19,2023/01/24,84.41,3,Success
88,2022/03/23,2022/03/30,417.31,1,Success
89,2023/01/21,2023/01/27,388.42,0,Success
90,2023/10/09,2023/10/17,631.87,9,Success
91,2021/12/16,2021/12/26,187.85,8,Success
92,2022/09/03,2022/09/04,533.38,8,Success
93,2022/02/04,2022/02/08,243.63,6,Success
94,2024/01/31,2024/02/10,638.25,2,Success
95,2024/04/29,2024/05/07,538.3,9,Success
96,2022/11/03,2022/11/13,285.23,2,Success
97,2022/05/17,2022/05/20,221.38,2,Success
98,2021/07/20,2021/07/26,634.94,2,Success
99,2022/10/10,2022/10/20,730.17,1,Success
100,2022/02/13,2022/02/14,765.52,1,Success
101,2023/02/25,2023/02/28,145.83,1,Success
102,2022/09/13,2022/09/21,554.4,4,Success
103,2021/11/05,2021/11/12,297.24,4,Success
104,2024/06/03,2024/06/10,40.13,5,Success
105,2023/06/04,2023/06/11,158.52,4,Success
106,2022/10/15,2022/10/21,631.58,9,Success
107,2022/06/29,2022/07/01,683.35,4,Success
108,2024/07/01,2024/07/10,136.99,0,Success
109,2021/07/14,2021/07/16,640.54,9,Success
110,2023/05/29,2023/06/04,769.37,3,Success
111,2022/12/19,2022/12/20,380.25,0,Success
112,2021/10/22,2021/10/27,70.56,8,Success
113,2023/05/18,2023/05/23,38.02,2,Success
114,2023/03/07,2023/03/13,262.38,5,Success
115,2022/01/30,2022/02/01,151.43,9,Success
116,2024/02/21,2024/02/26,491.16,4,Success
117,2021/09/03,2021/09/13,655.74,3,Success
118,2023/09/09,2023/09/16,255.35,5,Success
119,2022/09/17,2022/09/21,213.11,9,Success
120,2023/02/04,2023/02/05,240.04,7,Success
121,2023/05/04,2023/05/10,28.07,4,Success
122,2022/06/12,2022/06/22,648.61,5,Success
123,2024/02/27,2024/03/05,121.99,5,Success
124,2022/08/01,2022/08/08,125.19,8,Success
125,2023/07/08,2023/07/18,339.09,5,Success
126,2023/12/21,2023/12/29,291.33,0,Success
127,2021/12/05,2021/12/15,390.61,9,Success
128,2023/04/18,2023/04/20,619.01,9,Success
129,2023/04/25,2023/04/30,282.68,1,Success
130,2021/10/29,2021/11/07,58.08,1,Cancelled
131,2022/08/07,2022/08/13,469.52,4,Success
132,2022/04/08,2022/04/17,521.85,4,Success
133,2022/04/27,2022/05/06,362.3,2,Success
134,2023/09/14,2023/09/20,266.32,0,Success
135,2022/02/14,2022/02/22,723.32,6,Success
136,2024/02/24,2024/02/27,258.61,0,Success
137,2024/02/23,2024/03/03,39.95,1,Success
138,2023/02/07,2023/02/16,126.1,9,Success
139,2022/02/23,2022/03/03,476.61,3,Success
140,2023/12/23,2023/12/26,757.75,0,Success
141,2023/10/28,2023/11/06,98.09,0,Success
142,2024/02/29,2024/03/01,374.47,8,Success
143,2023/11/09,2023/11/12,406.59,9,Success
144,2022/12/09,2022/12/10,550.5,3,Success
145,2024/06/20,2024/06/30,695.85,4,Success
146,2022/05/25,2022/05/30,611.44,7,Success
147,2021/12/11,2021/12/21,718.07,8,Success
148,2024/02/09,2024/02/16,570.15,8,Success
149,2021/10/02,2021/10/10,442.86,3,Success
150,2021/08/16,2021/08/25,406.07,2,Failure
151,2023/01/10,2023/01/11,353.99,7,Success
152,2023/03/07,2023/03/09,362.06,2,Success
153,2024/03/21,2024/03/24,382.15,2,Success
154,2023/08/01,2023/08/03,418.54,7,Success
155,2023/01/04,2023/01/07,656.5,8,Success
156,2022/12/08,2022/12/11,721.53,7,Success
157,2021/10/20,2021/10/24,672.53,7,Success
158,2022/09/21,2022/09/28,707.31,9,Success
159,2023/03/02,2023/03/03,536.4,4,Success
160,2022/02/15,2022/02/23,562.95,4,Success
161,2021/10/20,2021/10/25,173.2,6,Success
162,2024/03/30,2024/04/04,722.54,4,Success
163,2022/07/16,2022/07/20,638.21,7,Success
164,2023/01/09,2023/01/13,98.26,0,Success
165,2024/04/18,2024/04/19,436.25,4,Success
166,2022/03/23,2022/03/28,767.33,2,Success
167,2023/08/24,2023/09/03,320.84,5,Success
168,2023/06/09,2023/06/18,638.78,4,Success
169,2024/06/01,2024/06/02,548.83,6,Success
170,2023/12/10,2023/12/19,750.5,8,Success
171,2023/02/09,2023/02/11,264.81,1,Success
172,2024/07/07,2024/07/09,33.04,2,Success
173,2024/07/05,2024/07/07,295.31,3,Success
174,2023/03/23,2023/03/30,468.16,4,Success
175,2022/10/12,2022/10/13,39.18,6,Success
176,2021/09/29,2021/09/30,739.79,8,Failure
177,2024/03/08,2024/03/11,789.91,3,Success
178,2022/10/14,2022/10/21,428.24,9,Success
179,2024/06/24,2024/06/25,508.4,5,Success
180,2023/01/23,2023/01/30,270.67,6,Success
181,2024/04/19,2024/04/26,119.17,0,Success
182,2024/02/26,2024/02/29,379.53,2,Success
183,2023/11/30,2023/12/07,115.36,3,Success
184,2023/01/22,2023/01/23,305.49,2,Success
185,2024/05/11,2024/05/17,189.11,3,Success
186,2023/05/29,2023/06/01,760.95,4,Success
187,2021/11/01,2021/11/07,532.68,7,Success
188,2024/01/24,2024/02/02,228.48,5,Success
189,2023/09/12,2023/09/20,181.62,5,Success
190,2022/03/03,2022/03/12,165.15,8,Success
191,2022/02/02,2022/02/10,364.66,2,Success
192,2023/09/24,2023/09/26,137.69,8,Success
193,2023/11/18,2023/11/23,336.8,4,Success
194,2023/01/08,2023/01/12,189.12,7,Success
195,2022/11/03,2022/11/06,776.31,0,Success
196,2024/01/22,2024/01/26,317.59,7,Success
197,2023/01/28,2023/02/04,455.73,7,Success
198,2022/11/05,2022/11/14,227.94,6,Success
199,2023/06/30,2023/07/01,672.16,9,Success
200,2022/12/24,2022/12/31,336.58,9,Success
201,2023/07/23,2023/07/28,417.22,6,Success
202,2023/02/04,2023/02/14,607.06,9,Success
203,2023/07/24,2023/07/27,781.83,9,Success
204,2023/12/02,2023/12/10,450.15,7,Success
205,2021/10/03,2021/10/05,615.44,2,Success
206,2022/10/12,2022/10/18,594.77,2,Success
207,2022/02/10,2022/02/18,256.93,5,Success
208,2022/10/06,2022/10/12,305.94,2,Success
209,2022/07/09,2022/07/12,554.14,1,Cancelled
210,2021/09/07,2021/09/13,292.04,2,Success
211,2023/03/04,2023/03/07,34.63,4,Success
212,2022/08/27,2022/09/03,348.46,7,Success
213,2023/11/13,2023/11/23,768.32,0,Success
214,2022/11/30,2022/12/03,208.05,6,Success
215,2022/12/08,2022/12/10,307.1,5,Success
216,2022/09/14,2022/09/15,371.3,4,Success
217,2022/03/07,2022/03/14,223.1,4,Success
218,2022/11/18,2022/11/26,434.59,4,Cancelled
219,2024/03/29,2024/04/04,406.23,3,Success
220,2024/02/02,2024/02/06,731.94,3,Success
221,2023/03/27,2023/03/29,300.52,6,Success
222,2022/02/09,2022/02/19,116.58,0,Success
223,2022/04/17,2022/04/20,425.12,1,Success
224,2023/08/02,2023/08/05,460.01,9,Success
225,2021/11/11,2021/11/13,234.23,7,Success
226,2022/08/27,2022/09/02,633.54,9,Success
227,2023/09/24,2023/09/29,589.86,4,Success
228,2022/11/05,2022/11/15,491.36,0,Success
229,2023/01/08,2023/01/12,756.49,6,Success
230,2024/03/11,2024/03/12,179.54,7,Success
231,2022/07/06,2022/07/07,613.8,0,Success
232,2024/03/26,2024/04/01,178.1,4,Success
233,2023/08/02,2023/08/08,375.26,9,Success
234,2023/07/25,2023/08/04,624.75,9,Success
235,2021/07/25,2021/07/26,221.64,5,Success
236,2024/04/12,2024/04/22,663.21,8,Success
237,2022/02/07,2022/02/13,555.34,3,Cancelled
238,2022/04/13,2022/04/15,799.6,8,Success
239,2023/12/14,2023/12/23,731.7,4,Success
240,2024/01/08,2024/01/11,743.35,5,Success
241,2022/09/29,2022/10/08,276.21,2,Success
242,2022/08/10,2022/08/19,313.61,2,Success
243,2023/07/13,2023/07/17,419.78,1,Success
244,2023/03/11,2023/03/14,138.19,8,Success
245,2022/07/08,2022/07/11,535.82,4,Success
246,2022/10/05,2022/10/07,275.74,7,Success
247,2021/07/26,2021/08/03,349.92,5,Success
248,2021/09/07,2021/09/17,408.05,4,Success
249,2023/12/26,2023/12/31,205.88,6,Success
250,2021/12/11,2021/12/20,660.31,8,Success
251,2023/12/21,2023/12/29,373.02,1,Success
252,2023/05/26,2023/05/31,561.94,2,Success
253,2021/08/18,2021/08/21,636.4,5,Success
254,2023/10/18,2023/10/23,632.73,7,Cancelled
255,2022/06/01,2022/06/11,686.13,3,Success
256,2024/03/26,2024/04/02,679.94,0,Success
257,2023/06/02,2023/06/07,208.99,0,Success
258,2024/03/10,2024/03/13,250.45,5,Success
259,2023/01/23,2023/01/28,36.07,9,Success
260,2023/07/07,2023/07/16,369.08,3,Success
261,2021/09/01,2021/09/09,367.57,1,Success
262,2021/12/10,2021/12/19,689.47,4,Success
263,2024/05/21,2024/05/26,210.6,5,Success
264,2022/11/26,2022/12/01,672.73,6,Success
265,2022/03/04,2022/03/10,765.96,4,Failure
266,2023/01/28,2023/02/04,326.85,0,Success
267,2021/10/05,2021/10/13,672.87,9,Success
268,2021/12/12,2021/12/16,494.63,9,Success
269,2021/12/18,2021/12/27,248.72,3,Success
270,2021/08/30,2021/09/03,609.6,4,Success
271,2023/01/26,2023/01/31,379.37,1,Success
272,2023/10/22,2023/10/29,620.96,5,Success
273,2024/01/31,2024/02/01,679.89,5,Success
274,2023/09/05,2023/09/07,325.97,3,Success
275,2022/05/19,2022/05/21,160.75,8,Success
276,2021/08/11,2021/08/13,257.95,3,Success
277,2023/04/21,2023/04/24,348.67,7,Success
278,2023/12/09,2023/12/14,514.38,7,Success
279,2021/07/22,2021/07/31,190.72,1,Success
280,2023/03/15,2023/03/17,252.52,2,Success
281,2021/10/20,2021/10/30,673.53,3,Success
282,2023/06/10,2023/06/14,760.12,1,Success
283,2021/12/07,2021/12/12,750.05,0,Success
284,2024/06/29,2024/07/09,795.78,2,Success
285,2022/12/05,2022/12/09,552.87,2,Success
286,2023/07/20,2023/07/30,552.62,6,Success
287,2023/04/21,2023/04/23,155.65,9,Success
288,2023/10/24,2023/10/31,605.83,1,Success
289,2022/05/01,2022/05/03,774.31,6,Success
290,2022/10/16,2022/10/23,182.64,7,Success
291,2023/10/26,2023/10/31,92.98,1,Success
292,2023/06/09,2023/06/18,505.45,9,Success
293,2023/11/16,2023/11/26,416.58,2,Success
294,2022/09/02,2022/09/10,336.93,6,Success
295,2022/03/12,2022/03/21,81.02,0,Success
296,2021/10/25,2021/10/28,140.23,0,Success
297,2022/06/26,2022/07/02,460.51,1,Success
298,2022/05/27,2022/06/01,231.18,7,Success
299,2022/12/15,2022/12/22,97.49,2,Success
300,2023/02/15,2023/02/17,765.06,0,Success
301,2023/01/26,2023/02/05,711.67,7,Success
302,2023/09/29,2023/10/07,181.5,8,Success
303,2023/08/27,2023/09/01,478.42,0,Success
304,2023/09/12,2023/09/16,39.3,4,Success
305,2023/09/22,2023/09/23,92.42,5,Success
306,2022/11/12,2022/11/17,200.45,8,Success
307,2022/11/03,2022/11/11,133.71,4,Success
308,2021/07/14,2021/07/16,260.79,3,Success
309,2021/12/03,2021/12/10,446.84,7,Success
310,2024/01/28,2024/01/31,601.67,9,Success
311,2021/07/22,2021/07/29,311.83,2,Success
312,2022/06/19,2022/06/26,737.96,3,Success
313,2023/03/19,2023/03/26,740.57,1,Success
314,2021/09/18,2021/09/25,646.4,4,Success
315,2021/11/06,2021/11/12,20.16,9,Success
316,2022/10/15,2022/10/16,493.11,3,Success
317,2024/03/19,2024/03/24,558.23,3,Cancelled
318,2024/01/01,2024/01/04,712.11,9,Success
319,2022/04/01,2022/04/06,660.4,0,Success
320,2022/10/11,2022/10/12,539.36,3,Success
321,2022/09/02,2022/09/05,248.72,5,Success
322,2022/02/18,2022/02/19,291.35,6,Success
323,2024/02/12,2024/02/18,464.83,6,Success
324,2022/04/18,2022/04/19,306.55,0,Cancelled
325,2021/11/03,2021/11/06,281.06,4,Success
326,2022/05/11,2022/05/20,723.12,3,Success
327,2021/11/14,2021/11/23,238.12,3,Success
328,2023/04/10,2023/04/16,726.81,8,Success
329,2021/12/17,2021/12/24,346.15,7,Cancelled
330,2022/07/11,2022/07/15,782.6,1,Success
331,2022/01/21,2022/01/24,746.02,5,Success
332,2022/11/02,2022/11/08,173.24,6,Success
333,2022/01/25,2022/02/04,254.53,0,Success
334,2023/09/09,2023/09/18,713.92,2,Success
335,2022/12/25,2023/01/03,720.92,8,Success
336,2022/05/10,2022/05/17,619.6,2,Success
337,2021/11/15,2021/11/18,629.5,7,Success
338,2021/10/31,2021/11/06,787.86,4,Success
339,2021/12/18,2021/12/19,704.06,7,Success
340,2022/09/24,2022/10/03,434.71,3,Success
341,2022/03/04,2022/03/12,629.26,4,Success
342,2023/04/18,2023/04/28,181.97,1,Success
343,2023/06/04,2023/06/09,403.46,9,Success
344,2024/07/03,2024/07/08,493.77,0,Success
345,2024/03/25,2024/03/26,432.28,9,Success
346,2021/07/22,2021/07/27,297.78,2,Success
347,2024/05/02,2024/05/05,464.79,3,Success
348,2022/08/21,2022/08/24,208.4,3,Success
349,2021/10/12,2021/10/13,235.46,8,Success
350,2021/10/21,2021/10/31,596.97,7,Success
351,2021/08/28,2021/09/03,158.15,9,Success
352,2024/02/21,2024/02/29,73.12,8,Success
353,2022/07/19,2022/07/23,520.8,8,Success
354,2024/04/10,2024/04/12,360.02,1,Success
355,2023/09/24,2023/09/26,421.67,9,Success
356,2021/11/19,2021/11/20,147.75,0,Success
357,2023/07/29,2023/08/02,739.34,6,Success
358,2022/02/23,2022/03/04,243.22,4,Success
359,2022/03/03,2022/03/10,677.23,2,Success
360,2022/07/17,2022/07/26,499.35,0,Success
361,2024/01/20,2024/01/25,302.3,2,Cancelled
362,2024/04/29,2024/05/04,268.89,9,Success
363,2022/11/08,2022/11/15,714.99,6,Success
364,2023/05/29,2023/06/06,394.38,6,Success
365,2022/08/16,2022/08/24,117.98,7,Success
366,2023/07/20,2023/07/30,427.64,3,Success
367,2021/11/10,2021/11/17,604.47,2,Success
368,2021/07/30,2021/07/31,267.4,0,Success
369,2021/08/04,2021/08/09,257.07,7,Success
370,2022/11/19,2022/11/20,100.08,6,Success
371,2023/07/11,2023/07/21,515.49,4,Success
372,2022/01/03,2022/01/06,83.11,5,Success
373,2023/07/09,2023/07/18,448.25,1,Success
374,2023/07/25,2023/07/30,751.22,3,Success
375,2022/06/17,2022/06/23,304.16,0,Success
376,2022/08/08,2022/08/18,685.07,7,Success
377,2023/10/03,2023/10/10,97.58,1,Success
378,2021/12/31,2022/01/08,574.11,1,Success
379,2021/12/20,2021/12/29,27.19,2,Success
380,2021/08/29,2021/09/03,454.86,5,Success
381,2024/07/02,2024/07/12,139.45,4,Success
382,2023/02/18,2023/02/22,171.6,0,Success
383,2024/01/31,2024/02/02,470.54,9,Success
384,2022/10/10,2022/10/17,438.77,5,Success
385,2021/11/14,2021/11/19,649.02,0,Success
386,2024/04/23,2024/05/01,324.12,4,Success
387,2021/09/03,2021/09/08,696.84,8,Success
388,2024/03/17,2024/03/19,584.16,1,Success
389,2022/11/08,2022/11/13,767.9,9,Failure
390,2021/11/02,2021/11/04,516.17,5,Success
391,2024/04/12,2024/04/17,45.68,9,Success
392,2022/05/20,2022/05/22,529.97,1,Cancelled
393,2023/06/15,2023/06/18,339.3,5,Success
394,2023/01/17,2023/01/21,315.86,4,Success
395,2022/01/04,2022/01/06,43.41,1,Success
396,2023/04/05,2023/04/10,332.4,9,Success
397,2022/12/21,2022/12/28,772.95,4,Success
398,2022/12/29,2023/01/04,197.93,3,Success
399,2021/08/23,2021/08/30,168.75,7,Success
400,2024/01/02,2024/01/10,292.43,6,Success
401,2022/02/01,2022/02/08,119.11,9,Success
402,2024/04/21,2024/04/22,210.64,3,Success
403,2021/08/01,2021/08/02,179.4,3,Success
404,2022/11/11,2022/11/15,37.7,2,Success
405,2024/01/15,2024/01/16,693.92,9,Success
406,2022/06/24,2022/06/28,125.02,8,Success
407,2024/05/17,2024/05/22,264.11,7,Success
408,2024/06/22,2024/06/29,587.8,6,Success
409,2022/08/11,2022/08/17,718.52,9,Success
410,2022/10/18,2022/10/28,508.33,5,Success
411,2023/07/10,2023/07/17,638.53,8,Success
412,2022/11/18,2022/11/28,368.88,2,Success
413,2024/03/01,2024/03/06,756.43,0,Success
414,2022/04/20,2022/04/27,151.23,7,Success
415,2023/04/22,2023/04/25,154.59,0,Success
416,2022/09/04,2022/09/10,682.59,5,Success
417,2023/03/09,2023/03/18,582.73,2,Success
418,2023/05/25,2023/05/26,476.93,3,Failure
419,2022/11/26,2022/12/06,341.96,0,Success
420,2022/02/04,2022/02/09,666.27,0,Success
421,2022/10/20,2022/10/25,635.91,4,Success
422,2021/09/06,2021/09/16,659.34,5,Success
423,2023/10/02,2023/10/04,793.93,2,Success
424,2021/10/19,2021/10/23,67.18,3,Success
425,2023/09/14,2023/09/17,147.41,6,Success
426,2022/04/09,2022/04/19,519.94,7,Success
427,2022/11/11,2022/11/19,200.73,6,Success
428,2022/01/03,2022/01/04,792.31,4,Success
429,2022/03/04,2022/03/14,263.67,3,Success
430,2022/12/11,2022/12/14,333.92,1,Success
431,2023/01/11,2023/01/16,725.13,3,Success
432,2022/09/26,2022/10/05,673.33,1,Success
433,2023/09/16,2023/09/22,548.21,9,Success
434,2024/01/04,2024/01/07,56.65,7,Success
435,2022/10/26,2022/11/02,409.21,7,Success
436,2022/06/17,2022/06/20,209.22,8,Success
437,2023/10/14,2023/10/21,396.16,9,Success
438,2023/12/21,2023/12/23,29.98,3,Success
439,2021/07/24,2021/07/28,799.95,7,Success
440,2022/03/18,2022/03/24,264.86,5,Success
441,2023/09/02,2023/09/08,771.89,2,Success
442,2024/02/21,2024/02/28,512.48,4,Success
443,2023/10/21,2023/10/22,126.35,0,Success
444,2021/10/18,2021/10/25,743.85,9,Success
445,2023/08/22,2023/08/27,672.16,3,Success
446,2022/11/07,2022/11/16,351.05,7,Success
447,2023/01/14,2023/01/23,556.56,5,Success
448,2024/02/12,2024/02/21,431.03,1,Success
449,2023/11/10,2023/11/15,222.47,1,Success
450,2021/10/14,2021/10/18,578.35,3,Success
451,2023/08/03,2023/08/10,551.64,4,Failure
452,2024/02/17,2024/02/22,589.31,7,Success
453,2023/02/20,2023/02/24,432.15,6,Success
454,2021/10/25,2021/10/30,442.04,5,Success
455,2022/07/12,2022/07/13,530.03,4,Success
456,2023/08/09,2023/08/17,606.64,1,Success
457,2023/12/16,2023/12/26,187.64,1,Success
458,2022/06/22,2022/06/24,652.26,4,Success
459,2022/02/19,2022/02/22,306.78,6,Success
460,2024/06/18,2024/06/21,680.05,9,Success
461,2024/01/13,2024/01/15,619.99,8,Success
462,2022/12/06,2022/12/08,20.25,7,Success
463,2022/02/10,2022/02/15,691.56,7,Success
464,2022/05/28,2022/05/31,322.32,5,Success
465,2022/07/12,2022/07/13,457.8,3,Success
466,2022/09/13,2022/09/22,349.77,5,Success
467,2024/01/13,2024/01/14,104.8,8,Success
468,2023/12/04,2023/12/08,429.26,3,Success
469,2023/12/03,2023/12/10,388.27,1,Success
470,2023/07/07,2023/07/14,734.59,4,Success
471,2022/04/20,2022/04/21,32.46,9,Success
472,2021/10/04,2021/10/11,387.02,7,Success
473,2023/06/24,2023/06/26,636.63,5,Success
474,2022/11/19,2022/11/20,485.57,4,Success
475,2024/03/06,2024/03/11,232.68,3,Success
476,2021/10/12,2021/10/18,413.97,3,Success
477,2023/10/01,2023/10/04,492.4,4,Success
478,2023/09/03,2023/09/06,639.12,4,Success
479,2023/06/13,2023/06/19,650.19,1,Success
480,2023/03/16,2023/03/21,234.08,3,Success
481,2021/09/05,2021/09/06,750.07,9,Success
482,2024/06/13,2024/06/22,318.76,8,Success
483,2022/07/12,2022/07/20,730.1,3,Success
484,2021/11/08,2021/11/11,279.19,9,Success
485,2021/12/03,2021/12/13,780.84,5,Success
486,2021/12/22,2021/12/30,74.71,4,Success
487,2024/06/12,2024/06/20,699.34,2,Success
488,2024/05/11,2024/05/14,353.08,2,Success
489,2022/12/17,2022/12/19,55.28,7,Success
490,2023/07/07,2023/07/11,597.94,1,Success
491,2023/06/21,2023/06/22,261.47,5,Cancelled
492,2021/07/11,2021/07/19,449.62,8,Success
493,2024/02/13,2024/02/19,652.3,6,Success
494,2023/08/06,2023/08/08,274.6,9,Success
495,2022/07/28,2022/08/07,758.97,7,Success
496,2023/02/11,2023/02/17,311.11,9,Success
497,2024/01/20,2024/01/26,787.24,7,Success
498,2024/02/10,2024/02/11,216.56,3,Cancelled
499,2024/01/28,2024/01/31,339.6,2,Success
500,2023/04/11,2023/04/12,224.35,8,Success
501,2023/10/16,2023/10/23,574.8,9,Success
502,2023/12/12,2023/12/15,631.69,0,Success
503,2021/07/25,2021/07/31,696.96,2,Success
504,2022/01/30,2022/02/09,762.79,9,Success
505,2023/06/07,2023/06/14,618.72,6,Success
506,2023/12/17,2023/12/23,577.28,9,Success
507,2021/11/30,2021/12/07,453.46,6,Success
508,2023/09/04,2023/09/05,477.8,5,Success
509,2024/04/11,2024/04/15,625.83,7,Success
510,2024/06/29,2024/07/02,232.38,9,Success
511,2022/04/25,2022/05/04,589.91,5,Success
512,2022/11/15,2022/11/16,301.07,3,Success
513,2022/01/25,2022/01/29,80.03,2,Success
514,2024/06/30,2024/07/09,74.22,1,Success
515,2024/03/24,2024/03/28,525.49,0,Success
516,2022/11/20,2022/11/26,71.81,5,Success
517,2022/10/12,2022/10/15,234.8,2,Success
518,2024/05/16,2024/05/22,758.38,2,Success
519,2022/12/08,2022/12/14,186.11,7,Success
520,2023/02/21,2023/02/26,618.72,8,Success
521,2023/11/05,2023/11/14,627.91,0,Success
522,2023/05/03,2023/05/06,469.29,9,Success
523,2024/03/23,2024/03/31,236.12,3,Success
524,2022/10/14,2022/10/19,617.89,0,Success
525,2022/09/19,2022/09/23,281.69,0,Success
526,2023/11/16,2023/11/17,552.55,5,Success
527,2022/06/06,2022/06/13,84.92,2,Success
528,2023/04/21,2023/04/27,328.27,6,Success
529,2024/03/11,2024/03/17,528.73,7,Success
530,2023/09/29,2023/10/06,401.26,4,Success
531,2022/08/11,2022/08/18,216.39,8,Success
532,2024/02/13,2024/02/21,91.61,0,Success
533,2024/01/10,2024/01/18,59.01,1,Success
534,2022/06/08,2022/06/18,669.17,9,Success
535,2023/02/24,2023/03/02,560.65,9,Success
536,2021/07/28,2021/08/02,489.18,9,Success
537,2022/04/14,2022/04/15,661.43,9,Success
538,2022/12/06,2022/12/10,78.56,4,Success
539,2024/03/21,2024/03/24,752.82,4,Success
540,2024/05/12,2024/05/19,243.77,8,Success
541,2023/12/04,2023/12/14,34.44,0,Success
542,2024/04/05,2024/04/06,595.09,1,Success
543,2023/08/21,2023/08/26,787.69,1,Success
544,2024/06/15,2024/06/19,385.3,0,Success
545,2023/06/08,2023/06/13,744.14,1,Success
546,2023/12/31,2024/01/03,71.13,5,Success
547,2021/10/17,2021/10/21,623.81,6,Success
548,2023/01/19,2023/01/22,740.71,3,Success
549,2022/11/21,2022/11/22,343.71,9,Success
550,2022/12/11,2022/12/18,578.21,0,Success
551,2023/12/25,2024/01/04,61.03,8,Success
552,2022/01/19,2022/01/22,340.75,5,Success
553,2023/12/26,2023/12/30,278.84,4,Success
554,2023/12/25,2024/01/01,192.4,1,Success
555,2023/10/31,2023/11/07,194.23,8,Success
556,2022/09/30,2022/10/02,394.72,7,Failure
557,2023/08/20,2023/08/22,208.24,7,Success
558,2022/04/08,2022/04/14,388.7,7,Success
559,2021/09/26,2021/10/03,271.64,2,Success
560,2021/08/03,2021/08/07,393.24,3,Success
561,2022/01/02,2022/01/07,718.14,2,Success
562,2023/02/18,2023/02/26,285.51,4,Success
563,2024/02/25,2024/02/28,781.97,0,Success
564,2024/03/03,2024/03/13,700.65,1,Success
565,2023/07/23,2023/07/26,765.19,2,Success
566,2023/02/09,2023/02/13,701.38,3,Success
567,2021/11/08,2021/11/14,151.79,1,Success
568,2023/12/20,2023/12/21,217.96,0,Success
569,2023/01/15,2023/01/22,236.86,6,Success
570,2022/07/25,2022/08/04,148.76,3,Success
571,2022/09/24,2022/10/03,340.13,4,Success
572,2023/02/09,2023/02/10,440.95,0,Success
573,2024/05/01,2024/05/06,51.92,9,Success
574,2021/11/04,2021/11/12,280.65,7,Success
575,2021/10/29,2021/11/01,705.09,7,Success
576,2023/08/11,2023/08/15,530.32,0,Success
577,2023/04/06,2023/04/07,305.26,5,Success
578,2022/06/24,2022/07/03,199.45,3,Success
579,2021/07/30,2021/08/05,210.28,9,Success
580,2022/01/10,2022/01/16,547.7,1,Success
581,2024/06/14,2024/06/20,653.07,8,Success
582,2024/01/03,2024/01/08,179.53,9,Success
583,2023/07/02,2023/07/08,182.36,7,Success
584,2022/08/31,2022/09/10,546.41,3,Success
585,2022/03/07,2022/03/14,602.86,7,Failure
586,2023/03/05,2023/03/13,94.1,2,Success
587,2024/01/24,2024/01/26,169.25,0,Success
588,2021/08/23,2021/08/24,336.99,4,Success
589,2022/11/10,2022/11/20,797.57,3,Success
590,2021/11/09,2021/11/13,451.55,5,Success
591,2023/10/17,2023/10/19,104.53,1,Success
592,2022/05/01,2022/05/08,80.16,7,Success
593,2023/12/14,2023/12/17,580.35,9,Success
594,2024/01/20,2024/01/28,475.72,8,Success
595,2021/11/12,2021/11/18,202.92,9,Success
596,2023/08/17,2023/08/18,677.99,4,Success
597,2023/05/16,2023/05/24,653.92,1,Success
598,2022/10/19,2022/10/21,456.43,7,Success
599,2023/05/27,2023/05/31,122.87,7,Success
600,2022/05/08,2022/05/10,122.58,2,Success
601,2021/08/28,2021/09/05,694.96,0,Success
602,2022/07/10,2022/07/16,214.84,1,Success
603,2022/07/05,2022/07/08,408.13,1,Success
604,2022/02/14,2022/02/22,580.21,5,Success
605,2023/10/01,2023/10/06,607.28,5,Success
606,2023/09/27,2023/10/04,285.57,9,Success
607,2022/11/26,2022/12/03,761.97,6,Success
608,2021/11/26,2021/11/30,62.37,3,Success
609,2024/06/21,2024/06/30,269.22,3,Success
610,2021/11/18,2021/11/23,604.2,2,Success
611,2021/12/26,2022/01/04,342.95,8,Success
612,2022/03/14,2022/03/22,177.62,9,Success
613,2023/07/15,2023/07/20,209.86,5,Success
614,2023/08/29,2023/09/05,668.3,1,Success
615,2022/05/24,2022/06/01,283.09,5,Success
616,2022/11/29,2022/12/07,293.65,8,Success
617,2022/04/23,2022/05/03,42.2,9,Success
618,2022/12/16,2022/12/23,431.8,2,Success
619,2021/09/15,2021/09/17,81.31,4,Success
620,2022/12/22,2022/12/30,420.14,8,Success
621,2022/04/02,2022/04/11,272.53,8,Success
622,2024/06/19,2024/06/27,424.88,2,Success
623,2022/03/02,2022/03/04,251.46,1,Success
624,2023/07/16,2023/07/25,593.81,6,Success
625,2023/07/18,2023/07/20,394.91,6,Success
626,2022/03/12,2022/03/18,208.39,8,Success
627,2023/10/27,2023/10/30,262.44,5,Success
628,2024/06/16,2024/06/19,194.19,2,Success
629,2022/04/24,2022/04/25,490.39,2,Success
630,2023/06/19,2023/06/25,612.75,0,Success
631,2023/09/29,2023/10/02,647.53,7,Success
632,2023/11/04,2023/11/09,367.61,6,Success
633,2023/04/16,2023/04/21,373.07,1,Success
634,2024/05/16,2024/05/26,367.32,2,Success
635,2023/09/30,2023/10/04,350.9,0,Failure
636,2024/06/18,2024/06/21,627.04,1,Success
637,2022/11/22,2022/11/25,249.55,9,Success
638,2021/08/04,2021/08/06,21.13,5,Success
639,2023/11/27,2023/11/28,785.01,9,Success
640,2023/02/26,2023/03/06,547.7,2,Success
641,2022/09/30,2022/10/03,49.6,5,Success
642,2023/11/27,2023/12/06,352.24,0,Success
643,2021/08/08,2021/08/10,520.39,3,Success
644,2024/02/10,2024/02/18,41.36,6,Success
645,2022/03/18,2022/03/28,70.59,1,Success
646,2022/08/28,2022/08/31,573.94,9,Success
647,2023/04/28,2023/05/06,89.48,6,Success
648,2021/09/12,2021/09/17,106.83,4,Success
649,2024/04/05,2024/04/06,453.65,1,Failure
650,2022/07/02,2022/07/10,593.04,3,Success
651,2022/04/14,2022/04/19,239.8,4,Success
652,2024/04/05,2024/04/12,88.85,9,Success
653,2021/08/21,2021/08/23,27.41,3,Success
654,2022/04/23,2022/05/01,580.32,0,Success
655,2022/05/26,2022/05/31,684.66,5,Success
656,2024/01/13,2024/01/14,573.09,4,Success
657,2021/11/13,2021/11/21,445.91,9,Success
658,2021/08/23,2021/08/31,463.48,0,Success
659,2023/08/26,2023/09/03,259.04,0,Success
660,2023/05/09,2023/05/15,753.31,0,Success
661,2024/03/29,2024/04/02,724.54,4,Success
662,2024/01/03,2024/01/07,678.43,8,Success
663,2023/05/31,2023/06/04,241.17,1,Success
664,2023/08/02,2023/08/03,646.21,8,Success
665,2023/02/24,2023/02/26,617.42,8,Success
666,2021/09/01,2021/09/04,772.86,5,Success
667,2023/03/21,2023/03/24,364.89,5,Success
668,2023/05/09,2023/05/15,558.3,9,Success
669,2022/12/23,2022/12/30,596.71,9,Success
670,2023/06/08,2023/06/14,654.63,7,Success
671,2023/04/24,2023/04/29,594.37,0,Success
672,2021/09/16,2021/09/18,46.64,9,Success
673,2023/03/16,2023/03/23,606.4,1,Success
674,2022/02/09,2022/02/19,394.89,4,Success
675,2022/04/14,2022/04/19,596.94,4,Success
676,2021/12/16,2021/12/20,590.39,9,Success
677,2022/08/24,2022/08/28,497.57,7,Success
678,2021/10/11,2021/10/14,477.94,1,Success
679,2024/04/02,2024/04/04,388.23,4,Success
680,2024/05/16,2024/05/18,480.94,3,Success
681,2022/01/14,2022/01/19,771.08,8,Success
682,2023/01/02,2023/01/04,191.87,7,Success
683,2023/05/24,2023/05/31,687.91,8,Success
684,2023/03/18,2023/03/27,430.89,5,Success
685,2024/03/31,2024/04/04,624.8,4,Success
686,2022/05/19,2022/05/22,341.39,0,Success
687,2023/02/10,2023/02/15,755.96,4,Success
688,2021/10/15,2021/10/17,103.39,8,Success
689,2023/04/19,2023/04/24,614.2,8,Success
690,2022/08/21,2022/08/23,343.44,8,Success
691,2022/02/04,2022/02/08,386.42,5,Success
692,2023/02/03,2023/02/13,559.44,1,Success
693,2022/11/08,2022/11/18,83.64,0,Success
694,2024/05/19,2024/05/25,384.05,4,Success
695,2024/03/12,2024/03/14,642.93,2,Success
696,2021/09/24,2021/09/29,589.47,6,Success
697,2023/08/11,2023/08/17,437.85,5,Success
698,2022/03/20,2022/03/30,462.2,2,Success
699,2021/10/09,2021/10/13,432.93,6,Cancelled
700,2022/08/28,2022/08/30,218.89,4,Success
701,2022/05/13,2022/05/19,469.45,0,Success
702,2022/04/13,2022/04/22,730.19,4,Success
703,2023/03/12,2023/03/19,601.6,0,Success
704,2023/03/03,2023/03/09,755.24,3,Success
705,2023/03/13,2023/03/18,739.92,6,Success
706,2023/07/26,2023/07/29,119.32,5,Success
707,2023/09/16,2023/09/21,47.44,8,Success
708,2021/12/09,2021/12/15,624.99,5,Success
709,2024/02/19,2024/02/26,379.26,5,Success
710,2022/02/22,2022/02/26,212.05,6,Success
711,2022/10/16,2022/10/23,234.81,8,Success
712,2024/05/06,2024/05/13,795.88,0,Success
713,2023/09/22,2023/10/02,78.64,0,Success
714,2022/06/24,2022/07/02,773.62,8,Success
715,2023/09/02,2023/09/11,575.57,9,Success
716,2023/03/04,2023/03/13,83.69,3,Success
717,2024/05/04,2024/05/05,236.69,5,Success
718,2024/03/07,2024/03/17,120.15,7,Success
719,2023/07/01,2023/07/02,299.7,4,Success
720,2023/09/26,2023/10/04,414.89,4,Success
721,2023/03/30,2023/04/05,494.07,2,Success
722,2023/01/25,2023/02/02,791.17,6,Success
723,2022/05/31,2022/06/06,64.11,5,Success
724,2022/10/19,2022/10/29,501.87,1,Success
725,2023/03/06,2023/03/16,567.22,5,Success
726,2023/05/13,2023/05/17,488.87,5,Success
727,2022/02/08,2022/02/16,789.94,3,Success
728,2022/07/30,2022/08/05,263.48,3,Success
729,2021/09/02,2021/09/08,117.36,0,Success
730,2022/09/21,2022/10/01,423.1,7,Success
731,2021/09/19,2021/09/29,93.45,5,Success
732,2022/08/14,2022/08/24,522.54,0,Success
733,2024/06/08,2024/06/13,197.36,3,Success
734,2024/05/09,2024/05/19,332.51,6,Success
735,2022/12/18,2022/12/19,785.55,4,Success
736,2022/08/13,2022/08/22,279.48,2,Success
737,2022/01/23,2022/01/25,188.87,4,Success
738,2023/10/22,2023/10/25,288.52,6,Success
739,2021/11/21,2021/11/29,798.73,4,Success
740,2022/03/10,2022/03/19,192.65,1,Success
741,2024/01/30,2024/01/31,694.92,9,Success
742,2022/05/12,2022/05/18,259.05,3,Success
743,2023/05/13,2023/05/20,264.31,5,Success
744,2023/07/25,2023/07/27,460.74,6,Success
745,2023/06/02,2023/06/10,317.7,1,Success
746,2023/10/24,2023/10/28,322.33,2,Success
747,2021/07/12,2021/07/17,698.7,1,Success
748,2023/05/01,2023/05/10,263.84,1,Success
749,2024/06/12,2024/06/13,154.68,1,Success
750,2022/03/05,2022/03/10,60.67,9,Success
751,2022/09/05,2022/09/11,731.23,3,Success
752,2022/11/10,2022/11/16,179.05,5,Success
753,2023/08/20,2023/08/27,382.97,1,Success
754,2024/01/28,2024/02/06,271.19,3,Success
755,2023/09/09,2023/09/12,284.92,6,Success
756,2023/09/05,2023/09/09,788.3,6,Success
757,2023/09/27,2023/09/29,98.15,8,Success
758,2023/11/03,2023/11/04,273.23,8,Cancelled
759,2022/07/28,2022/08/05,122.33,4,Success
760,2023/01/29,2023/02/04,347.36,2,Success
761,2023/11/30,2023/12/06,743.69,7,Success
762,2022/09/05,2022/09/11,473.35,7,Success
763,2023/03/03,2023/03/11,158.99,3,Success
764,2022/12/06,2022/12/07,700.57,8,Success
765,2023/03/20,2023/03/30,153.93,2,Success
766,2021/11/17,2021/11/21,200.11,4,Success
767,2023/07/15,2023/07/23,77.8,3,Success
768,2022/09/10,2022/09/19,231.75,1,Success
769,2023/03/04,2023/03/11,313.24,6,Success
770,2023/04/18,2023/04/23,267.26,1,Cancelled
771,2022/09/22,2022/09/24,84.93,0,Success
772,2023/12/10,2023/12/16,179.61,1,Success
773,2023/05/18,2023/05/25,37.11,5,Success
774,2023/08/04,2023/08/10,340.16,2,Success
775,2022/08/01,2022/08/10,738.71,3,Success
776,2022/10/12,2022/10/22,189.03,0,Success
777,2023/09/06,2023/09/14,686.93,6,Success
778,2024/05/25,2024/06/03,391.41,9,Success
779,2022/05/15,2022/05/25,525.96,6,Success
780,2024/01/08,2024/01/10,466.57,3,Success
781,2023/02/25,2023/03/01,291.01,2,Success
782,2023/07/25,2023/07/26,739.04,2,Success
783,2022/10/13,2022/10/19,661.34,7,Success
784,2023/01/20,2023/01/23,360.91,8,Success
785,2023/03/17,2023/03/27,758.83,4,Success
786,2023/10/15,2023/10/24,493.95,3,Success
787,2022/02/10,2022/02/16,155.46,5,Success
788,2024/03/03,2024/03/12,671.51,7,Success
789,2022/11/07,2022/11/17,132.82,7,Success
790,2024/01/22,2024/01/30,550.66,7,Success
791,2022/02/01,2022/02/02,79.65,3,Success
792,2023/08/31,2023/09/09,340.2,6,Success
793,2024/01/04,2024/01/05,297.5,4,Success
794,2021/10/13,2021/10/21,697.19,6,Success
795,2023/07/30,2023/08/01,347.68,4,Success
796,2024/06/09,2024/06/17,796.28,1,Success
797,2022/09/25,2022/10/02,444.57,4,Success
798,2022/04/23,2022/04/26,493.8,5,Success
799,2024/05/11,2024/05/12,498.01,0,Cancelled
800,2024/03/29,2024/04/05,82.85,8,Success
801,2021/09/13,2021/09/23,448.51,8,Success
802,2022/11/14,2022/11/24,580.44,3,Success
803,2022/09/23,2022/09/29,796.05,2,Success
804,2022/01/23,2022/02/02,193.42,0,Success
805,2023/12/03,2023/12/10,491.76,2,Success
806,2022/07/29,2022/07/31,645.91,3,Success
807,2022/08/19,2022/08/22,215.86,2,Success
808,2023/12/11,2023/12/14,676.62,6,Success
809,2022/10/31,2022/11/03,214.46,0,Success
810,2021/11/03,2021/11/08,507.99,8,Cancelled
811,2024/06/16,2024/06/23,673.5,1,Success
812,2022/09/12,2022/09/15,599.58,3,Success
813,2023/12/03,2023/12/09,163.78,7,Success
814,2023/07/23,2023/08/02,80.53,5,Success
815,2023/11/28,2023/12/04,412.94,3,Failure
816,2022/04/07,2022/04/16,242.33,1,Success
817,2024/04/14,2024/04/18,590.36,3,Success
818,2024/07/10,2024/07/13,165.87,7,Failure
819,2022/08/29,2022/09/08,444.31,9,Success
820,2022/11/06,2022/11/07,386.99,8,Success
821,2023/09/05,2023/09/13,697.31,6,Success
822,2023/06/28,2023/07/03,73.68,2,Success
823,2023/06/24,2023/06/26,559.8,7,Success
824,2023/07/27,2023/08/01,790.53,8,Success
825,2024/06/29,2024/07/07,748.9,1,Success
826,2021/12/18,2021/12/26,585.22,8,Success
827,2024/01/13,2024/01/19,340.76,2,Success
828,2023/08/16,2023/08/22,404.54,5,Success
829,2022/04/12,2022/04/22,197.25,1,Success
830,2023/06/24,2023/07/02,415.62,6,Success
831,2021/07/20,2021/07/23,615.41,4,Success
832,2022/10/08,2022/10/14,722.25,3,Success
833,2022/04/27,2022/04/30,235.99,4,Success
834,2024/05/25,2024/06/03,43.94,9,Success
835,2021/09/11,2021/09/15,363.23,2,Success
836,2022/06/29,2022/07/03,25.14,8,Success
837,2024/06/07,2024/06/17,451.57,2,Success
838,2022/04/12,2022/04/15,552.93,9,Success
839,2022/10/25,2022/11/03,786.72,4,Success
840,2022/04/02,2022/04/09,170.4,4,Success
841,2023/12/06,2023/12/09,221.02,9,Success
842,2023/05/03,2023/05/07,639.06,5,Success
843,2024/05/16,2024/05/19,548.91,4,Success
844,2024/02/09,2024/02/15,683.93,8,Success
845,2022/05/26,2022/05/28,291.06,3,Success
846,2024/02/05,2024/02/07,332.87,8,Success
847,2021/07/21,2021/07/29,46.1,3,Success
848,2022/10/13,2022/10/14,277.91,6,Success
849,2022/01/09,2022/01/14,594.67,2,Success
850,2022/04/30,2022/05/07,608.47,7,Success
851,2021/09/20,2021/09/28,514.83,8,Success
852,2024/03/06,2024/03/13,554.49,3,Success
853,2022/05/26,2022/06/03,84.79,0,Success
854,2022/08/26,2022/09/01,220.42,0,Success
855,2022/02/02,2022/02/06,657.3,3,Success
856,2023/04/16,2023/04/20,27.49,4,Success
857,2021/09/10,2021/09/18,748.21,4,Success
858,2021/12/07,2021/12/10,391.54,3,Success
859,2022/04/10,2022/04/17,413.95,1,Success
860,2021/09/09,2021/09/18,671.02,9,Success
861,2022/09/11,2022/09/13,189.94,6,Failure
862,2023/10/18,2023/10/20,201.16,4,Success
863,2022/12/25,2022/12/26,417.23,0,Success
864,2023/05/30,2023/06/04,354.72,8,Success
865,2023/12/04,2023/12/12,529.02,6,Cancelled
866,2024/06/30,2024/07/08,438.66,1,Success
867,2023/03/19,2023/03/20,654.53,5,Success
868,2022/11/19,2022/11/25,25.46,1,Success
869,2022/07/13,2022/07/15,774.69,9,Success
870,2022/10/05,2022/10/08,255.06,7,Success
871,2023/11/09,2023/11/19,759.06,9,Success
872,2023/09/28,2023/10/06,293.5,9,Success
873,2023/02/16,2023/02/23,101.46,9,Success
874,2022/07/05,2022/07/13,648.08,0,Success
875,2024/01/18,2024/01/20,610.86,9,Success
876,2021/09/26,2021/10/03,755.29,7,Success
877,2022/11/22,2022/12/02,563.3,7,Success
878,2022/10/16,2022/10/17,719.05,6,Success
879,2024/03/23,2024/03/26,171.72,5,Success
880,2023/01/27,2023/01/28,764.62,1,Success
881,2023/05/15,2023/05/23,584.98,7,Success
882,2024/06/16,2024/06/22,680.45,6,Success
883,2021/07/22,2021/07/27,251.84,5,Success
884,2023/08/18,2023/08/26,155.88,5,Success
885,2021/11/04,2021/11/09,364.41,7,Success
886,2022/03/01,2022/03/09,724.39,6,Success
887,2022/07/18,2022/07/19,128.55,6,Success
888,2022/10/19,2022/10/25,183.86,2,Success
889,2023/07/05,2023/07/07,42.44,5,Success
890,2021/11/15,2021/11/18,657.93,9,Success
891,2023/01/16,2023/01/22,77.6,6,Success
892,2023/12/27,2024/01/04,154.88,6,Success
893,2021/12/20,2021/12/21,328.11,3,Success
894,2023/04/28,2023/05/06,56.77,2,Success
895,2023/07/21,2023/07/31,793.91,6,Success
896,2022/03/31,2022/04/05,168.78,2,Success
897,2022/02/06,2022/02/09,725.37,2,Success
898,2022/01/24,2022/01/30,323.55,1,Success
899,2022/02/05,2022/02/15,282.88,1,Success
900,2022/07/13,2022/07/22,737.78,4,Cancelled
901,2022/06/14,2022/06/23,229.72,5,Success
902,2022/02/06,2022/02/08,422.89,0,Success
903,2023/01/12,2023/01/16,404.7,2,Success
904,2024/01/03,2024/01/07,236.99,5,Success
905,2022/01/30,2022/01/31,394.33,9,Success
906,2022/04/15,2022/04/16,689.91,6,Success
907,2021/08/12,2021/08/15,559.54,1,Success
908,2023/03/02,2023/03/12,521.97,4,Success
909,2022/11/12,2022/11/19,177.7,5,Success
910,2023/04/02,2023/04/05,749.7,4,Success
911,2022/01/17,2022/01/25,693.88,5,Success
912,2021/08/08,2021/08/14,299.02,5,Cancelled
913,2021/12/27,2021/12/31,449.46,8,Success
914,2024/03/09,2024/03/12,605.13,3,Success
915,2021/09/09,2021/09/17,552.84,8,Success
916,2024/03/09,2024/03/14,784.22,9,Success
917,2022/11/08,2022/11/14,375.66,1,Success
918,2023/07/27,2023/08/01,167.55,7,Success
919,2022/10/13,2022/10/19,373.49,7,Success
920,2022/04/13,2022/04/16,718.95,1,Success
921,2023/04/04,2023/04/05,786.67,3,Success
922,2023/11/30,2023/12/02,61.53,8,Success
923,2024/01/02,2024/01/03,318.56,1,Success
924,2022/05/31,2022/06/08,619.2,1,Success
925,2023/10/23,2023/10/27,184.74,0,Success
926,2021/12/28,2022/01/03,750.84,8,Failure
927,2024/05/26,2024/05/29,483.57,2,Success
928,2022/07/15,2022/07/23,457.46,2,Success
929,2022/01/16,2022/01/20,291.47,8,Success
930,2022/05/22,2022/05/25,644.52,7,Success
931,2022/03/22,2022/03/31,337.43,9,Success
932,2023/03/06,2023/03/09,485.14,1,Success
933,2022/02/25,2022/03/05,210.45,8,Success
934,2023/07/16,2023/07/19,425.4,0,Success
935,2022/04/15,2022/04/17,272.64,8,Success
936,2022/10/07,2022/10/17,763.73,5,Success
937,2024/05/01,2024/05/07,532.87,5,Success
938,2022/04/17,2022/04/26,382.67,4,Success
939,2022/11/03,2022/11/09,677.62,7,Success
940,2022/03/30,2022/04/04,280.0,3,Success
941,2022/01/14,2022/01/16,233.99,7,Success
942,2022/06/02,2022/06/09,116.37,8,Success
943,2022/02/21,2022/03/03,793.36,3,Cancelled
944,2023/09/09,2023/09/17,385.18,7,Success
945,2022/03/29,2022/04/02,94.22,5,Success
946,2021/07/23,2021/07/30,59.01,2,Success
947,2023/05/11,2023/05/21,521.74,6,Success
948,2022/07/14,2022/07/24,794.43,9,Success
949,2022/08/21,2022/08/30,202.34,7,Success
950,2022/08/23,2022/08/29,433.99,6,Success
951,2021/11/01,2021/11/07,217.16,5,Success
952,2023/12/14,2023/12/23,408.85,7,Success
953,2023/07/01,2023/07/11,261.33,1,Success
954,2022/03/02,2022/03/06,592.06,7,Success
955,2023/07/09,2023/07/18,305.94,0,Success
956,2022/03/14,2022/03/21,736.23,0,Success
957,2021/08/06,2021/08/11,621.72,2,Success
958,2022/07/24,2022/07/29,51.65,8,Success
959,2023/03/02,2023/03/09,288.32,7,Success
960,2022/08/23,2022/08/29,429.52,7,Success
961,2023/02/19,2023/02/28,84.64,3,Success
962,2024/07/08,2024/07/13,608.57,4,Success
963,2024/06/07,2024/06/14,293.44,9,Success
964,2024/03/16,2024/03/22,350.44,3,Success
965,2022/09/23,2022/10/02,671.93,1,Success
966,2023/05/21,2023/05/28,171.35,8,Success
967,2022/11/04,2022/11/07,478.11,3,Success
968,2022/08/04,2022/08/06,703.59,7,Success
969,2022/03/13,2022/03/18,74.09,5,Success
970,2023/04/18,2023/04/22,227.04,9,Success
971,2022/02/24,2022/03/02,472.58,7,Success
972,2023/10/28,2023/11/06,426.23,1,Success
973,2022/12/05,2022/12/12,787.21,9,Success
974,2024/03/30,2024/04/06,232.62,4,Success
975,2023/09/17,2023/09/23,713.36,0,Success
976,2022/10/28,2022/11/04,149.93,1,Success
977,2024/02/18,2024/02/25,635.34,3,Success
978,2024/05/17,2024/05/18,271.82,6,Success
979,2022/11/28,2022/11/30,127.94,7,Success
980,2022/06/23,2022/06/29,163.38,9,Success
981,2024/06/12,2024/06/19,430.64,4,Success
982,2024/02/19,2024/02/28,392.43,2,Success
983,2024/04/09,2024/04/14,450.2,6,Cancelled
984,2023/09/26,2023/09/27,579.66,8,Success
985,2021/10/22,2021/10/24,314.1,0,Success
986,2023/12/17,2023/12/26,160.86,4,Success
987,2024/04/13,2024/04/22,267.18,4,Success
988,2023/03/23,2023/04/02,263.02,2,Success
989,2024/04/03,2024/04/06,406.38,9,Success
990,2022/01/09,2022/01/14,507.41,5,Success
991,2024/02/22,2024/02/27,709.18,9,Success
992,2023/10/25,2023/10/31,613.53,1,Success
993,2023/09/23,2023/10/03,94.51,1,Success
994,2022/01/09,2022/01/11,442.67,5,Success
995,2021/11/07,2021/11/11,583.63,3,Success
996,2023/09/25,2023/10/01,618.14,9,Success
997,2022/09/21,2022/10/01,501.0,1,Success
998,2022/04/12,2022/04/17,259.75,6,Success
999,2023/04/14,2023/04/22,159.23,7,Success
1000,2023/02/24,2023/03/02,94.43,5,Success
1001,2024/03/09,2024/03/19,70.38,0,Success
1002,2022/07/22,2022/07/25,747.63,7,Success
1003,2024/04/28,2024/05/03,422.13,2,Success
1004,2024/06/14,2024/06/16,581.91,0,Cancelled
1005,2024/04/29,2024/05/08,474.49,6,Success
1006,2022/08/28,2022/08/29,699.23,2,Success
1007,2021/08/14,2021/08/15,458.86,7,Success
1008,2022/09/22,2022/09/30,544.87,0,Success
1009,2021/08/14,2021/08/24,672.19,7,Success
1010,2022/05/24,2022/05/31,104.97,4,Success
1011,2021/07/19,2021/07/26,38.63,6,Success
1012,2023/02/18,2023/02/25,628.16,5,Success
1013,2024/06/10,2024/06/15,512.16,5,Success
1014,2024/02/06,2024/02/10,50.85,0,Success
1015,2022/01/02,2022/01/04,762.8,2,Success
1016,2022/02/07,2022/02/11,402.21,0,Success
1017,2021/11/16,2021/11/24,164.29,3,Success
1018,2022/06/24,2022/06/30,280.06,9,Success
1019,2022/10/14,2022/10/23,305.38,5,Success
1020,2022/06/28,2022/07/02,754.52,2,Success
1021,2022/04/11,2022/04/15,547.1,7,Success
1022,2021/08/31,2021/09/05,230.49,5,Cancelled
1023,2021/12/03,2021/12/07,732.17,6,Success
1024,2024/02/13,2024/02/16,173.41,2,Success
1025,2023/02/21,2023/02/22,598.76,7,Success
1026,2024/04/01,2024/04/10,122.51,8,Success
1027,2022/08/17,2022/08/23,405.84,9,Success
1028,2023/12/08,2023/12/16,41.16,6,Success
1029,2023/05/16,2023/05/20,237.45,2,Success
1030,2024/02/10,2024/02/19,379.46,4,Success
1031,2024/03/02,2024/03/08,648.86,7,Success
1032,2024/06/17,2024/06/20,391.29,6,Success
1033,2023/09/07,2023/09/15,171.69,4,Success
1034,2022/01/06,2022/01/11,177.71,3,Cancelled
1035,2021/10/15,2021/10/19,125.67,8,Success
1036,2023/05/25,2023/05/27,633.85,4,Success
1037,2023/07/18,2023/07/21,701.68,2,Success
1038,2022/12/20,2022/12/22,774.83,0,Success
1039,2021/07/21,2021/07/25,424.24,9,Success
1040,2023/01/28,2023/02/03,50.64,4,Success
1041,2022/10/26,2022/11/02,406.97,5,Success
1042,2022/06/30,2022/07/05,515.31,1,Success
1043,2022/07/27,2022/07/30,501.97,1,Success
1044,2022/06/24,2022/07/01,677.51,2,Success
1045,2023/06/11,2023/06/21,228.35,9,Success
1046,2022/09/15,2022/09/20,239.66,5,Success
1047,2023/03/20,2023/03/30,775.23,0,Success
1048,2021/10/01,2021/10/04,630.46,5,Success
1049,2023/01/05,2023/01/10,777.79,9,Success
1050,2023/10/12,2023/10/16,693.07,2,Success
1051,2022/06/28,2022/06/30,463.2,1,Success
1052,2022/07/30,2022/08/07,282.47,7,Success
1053,2024/06/01,2024/06/05,257.95,0,Success
1054,2024/05/09,2024/05/12,51.28,3,Success
1055,2023/09/27,2023/10/06,294.47,7,Success
1056,2022/01/03,2022/01/05,29.57,7,Success
1057,2022/05/26,2022/06/03,139.63,8,Success
1058,2023/09/30,2023/10/08,92.47,7,Cancelled
1059,2024/03/22,2024/03/27,253.54,4,Success
1060,2023/06/29,2023/06/30,665.77,6,Success
1061,2021/10/01,2021/10/05,30.98,6,Success
1062,2022/10/06,2022/10/07,152.23,0,Success
1063,2023/07/28,2023/07/30,542.41,7,Success
1064,2021/07/28,2021/08/06,437.15,9,Success
1065,2022/12/14,2022/12/18,442.1,4,Success
1066,2021/11/26,2021/12/03,678.0,9,Success
1067,2021/09/08,2021/09/11,113.14,4,Success
1068,2022/10/27,2022/10/30,524.3,7,Success
1069,2024/01/29,2024/02/01,457.99,5,Success
1070,2021/10/05,2021/10/09,740.63,3,Success
1071,2022/09/13,2022/09/18,111.93,6,Success
1072,2023/12/30,2024/01/03,561.69,2,Success
1073,2023/12/16,2023/12/26,409.26,1,Success
1074,2023/04/29,2023/05/09,517.4,7,Success
1075,2021/09/12,2021/09/17,363.58,8,Success
1076,2024/01/07,2024/01/17,154.69,6,Success
1077,2023/03/22,2023/04/01,261.91,2,Success
1078,2022/05/13,2022/05/16,41.4,6,Success
1079,2023/11/19,2023/11/20,544.73,2,Success
1080,2023/08/13,2023/08/14,737.44,5,Success
1081,2024/01/11,2024/01/16,782.32,8,Success
1082,2023/07/14,2023/07/22,340.47,9,Success
1083,2023/05/19,2023/05/25,308.52,6,Success
1084,2022/11/07,2022/11/12,257.83,6,Success
1085,2023/09/13,2023/09/23,608.28,7,Success
1086,2023/06/26,2023/06/29,74.34,5,Success
1087,2023/11/10,2023/11/14,402.0,5,Success
1088,2023/01/10,2023/01/20,778.62,9,Success
1089,2024/02/15,2024/02/17,663.23,1,Success
1090,2024/07/04,2024/07/14,452.88,9,Success
1091,2022/03/11,2022/03/20,704.98,4,Success
1092,2022/01/03,2022/01/04,200.41,7,Failure
1093,2022/01/20,2022/01/27,87.0,6,Success
1094,2024/06/07,2024/06/16,189.75,3,Success
1095,2021/10/01,2021/10/04,757.13,2,Success
1096,2021/09/13,2021/09/14,496.74,0,Success
1097,2022/03/11,2022/03/15,661.69,7,Success
1098,2024/01/08,2024/01/14,635.07,7,Success
1099,2022/02/23,2022/03/02,737.09,6,Success
1100,2023/06/02,2023/06/05,22.39,6,Success
1101,2021/11/06,2021/11/07,160.67,4,Success
1102,2024/03/10,2024/03/16,234.47,9,Success
1103,2022/11/07,2022/11/14,383.36,1,Cancelled
1104,2022/12/07,2022/12/15,500.36,8,Success
1105,2021/08/30,2021/09/05,572.19,3,Success
1106,2021/12/27,2022/01/01,426.66,9,Success
1107,2023/08/29,2023/09/02,466.98,9,Success
1108,2023/10/02,2023/10/08,295.68,6,Success
1109,2022/08/04,2022/08/11,215.47,6,Success
1110,2021/09/17,2021/09/27,284.35,8,Success
1111,2022/04/27,2022/04/28,706.83,2,Success
1112,2024/05/21,2024/05/24,392.37,7,Success
1113,2023/12/23,2023/12/28,571.38,2,Success
1114,2022/05/04,2022/05/06,306.18,6,Success
1115,2022/05/04,2022/05/07,47.78,3,Success
1116,2022/06/01,2022/06/08,716.71,5,Success
1117,2022/01/22,2022/01/30,274.97,3,Success
1118,2022/12/06,2022/12/16,92.71,4,Success
1119,2023/03/15,2023/03/17,339.86,9,Success
1120,2023/05/28,2023/05/30,583.42,9,Success
1121,2024/02/21,2024/02/26,192.61,3,Cancelled
1122,2023/03/10,2023/03/13,649.35,3,Success
1123,2022/03/15,2022/03/21,269.14,4,Success
1124,2022/02/16,2022/02/22,344.74,2,Success
1125,2024/06/29,2024/07/02,102.68,5,Success
1126,2021/10/24,2021/10/26,386.75,8,Success
1127,2022/05/19,2022/05/27,296.14,4,Success
1128,2023/06/11,2023/06/16,697.08,0,Success
1129,2023/09/16,2023/09/20,295.56,1,Success
1130,2023/03/10,2023/03/18,623.4,7,Success
1131,2022/12/17,2022/12/18,378.72,6,Success
1132,2023/10/05,2023/10/12,32.04,6,Success
1133,2023/03/21,2023/03/26,513.86,0,Success
1134,2024/03/10,2024/03/17,227.0,4,Success
1135,2022/02/19,2022/02/27,163.72,1,Success
1136,2022/11/13,2022/11/20,210.8,0,Success
1137,2024/06/08,2024/06/13,578.95,2,Success
1138,2023/11/12,2023/11/21,340.23,4,Success
1139,2023/01/17,2023/01/25,38.77,9,Success
1140,2021/12/14,2021/12/18,27.3,4,Success
1141,2024/03/10,2024/03/15,330.96,2,Cancelled
1142,2022/08/06,2022/08/16,131.53,8,Success
1143,2021/09/12,2021/09/19,283.09,9,Success
1144,2023/01/10,2023/01/16,83.92,1,Success
1145,2021/09/08,2021/09/09,28.27,1,Success
1146,2022/10/17,2022/10/21,21.16,9,Success
1147,2022/07/10,2022/07/16,342.45,2,Success
1148,2022/12/03,2022/12/11,623.34,1,Success
1149,2023/02/10,2023/02/16,708.47,5,Success
1150,2023/04/13,2023/04/19,703.79,5,Success
1151,2023/12/15,2023/12/18,322.17,3,Success
1152,2022/03/27,2022/04/03,757.74,1,Success
1153,2022/11/15,2022/11/19,82.66,2,Success
1154,2022/12/19,2022/12/24,152.59,7,Success
1155,2023/09/20,2023/09/23,112.8,6,Success
1156,2023/05/11,2023/05/19,108.74,2,Success
1157,2023/03/03,2023/03/11,215.63,3,Success
1158,2023/12/05,2023/12/13,36.81,5,Success
1159,2022/06/10,2022/06/20,36.3,5,Success
1160,2021/10/02,2021/10/10,68.63,5,Success
1161,2023/09/21,2023/09/22,278.81,8,Success
1162,2022/02/12,2022/02/13,256.62,3,Success
1163,2022/11/17,2022/11/21,572.89,6,Success
1164,2024/06/23,2024/06/30,631.36,7,Success
1165,2023/02/17,2023/02/26,456.02,5,Success
1166,2024/02/07,2024/02/10,300.38,0,Success
1167,2021/10/11,2021/10/16,416.93,8,Success
1168,2023/12/09,2023/12/10,22.55,3,Success
1169,2022/09/13,2022/09/22,676.39,0,Success
1170,2022/09/01,2022/09/07,28.64,5,Success
1171,2024/03/01,2024/03/05,242.03,3,Cancelled
1172,2023/06/06,2023/06/07,536.17,3,Success
1173,2024/06/02,2024/06/04,630.3,2,Success
1174,2024/06/12,2024/06/17,740.88,2,Success
1175,2023/06/24,2023/07/02,321.82,6,Success
1176,2024/01/02,2024/01/10,154.39,3,Success
1177,2024/01/31,2024/02/10,774.14,9,Success
1178,2022/12/03,2022/12/10,685.31,2,Success
1179,2022/04/22,2022/05/01,490.44,3,Failure
1180,2022/11/26,2022/12/03,478.11,3,Cancelled
1181,2024/04/25,2024/05/02,768.05,5,Cancelled
1182,2023/09/17,2023/09/22,114.81,7,Success
1183,2022/01/18,2022/01/27,136.92,1,Success
1184,2023/10/09,2023/10/17,149.11,7,Success
1185,2022/03/27,2022/04/06,90.5,0,Success
1186,2022/03/21,2022/03/26,161.85,8,Success
1187,2023/02/14,2023/02/19,474.5,4,Success
1188,2022/06/24,2022/06/28,533.22,1,Success
1189,2023/04/09,2023/04/17,722.34,1,Success
1190,2024/07/05,2024/07/10,468.53,3,Success
1191,2023/11/08,2023/11/15,692.43,7,Success
1192,2021/11/13,2021/11/17,109.31,6,Success
1193,2021/12/09,2021/12/11,464.2,5,Success
1194,2021/11/26,2021/12/01,40.88,8,Cancelled
1195,2023/10/13,2023/10/15,416.31,1,Cancelled
1196,2023/03/11,2023/03/13,276.51,5,Success
1197,2024/02/20,2024/02/27,26.48,4,Success
1198,2024/05/22,2024/06/01,144.14,4,Cancelled
1199,2023/08/31,2023/09/10,431.43,0,Success
1200,2023/09/18,2023/09/24,490.54,5,Success
1201,2022/09/23,2022/09/30,501.44,7,Success
1202,2022/05/21,2022/05/31,81.95,9,Success
1203,2022/01/02,2022/01/10,63.77,8,Success
1204,2024/05/27,2024/06/06,774.7,5,Success
1205,2024/05/31,2024/06/10,262.6,6,Success
1206,2023/10/07,2023/10/13,273.61,9,Success
1207,2021/11/15,2021/11/17,357.58,9,Success
1208,2021/08/12,2021/08/15,153.05,1,Success
1209,2021/12/21,2021/12/25,128.22,2,Success
1210,2023/08/17,2023/08/27,59.38,4,Success
1211,2021/10/05,2021/10/10,109.91,4,Success
1212,2023/02/06,2023/02/15,526.38,4,Success
1213,2022/10/12,2022/10/17,590.05,9,Success
1214,2023/04/13,2023/04/21,615.75,2,Success
1215,2021/07/11,2021/07/16,571.72,7,Success
1216,2023/02/25,2023/03/06,277.02,2,Success
1217,2023/08/09,2023/08/14,443.63,0,Success
1218,2023/02/03,2023/02/07,474.64,3,Success
1219,2023/02/18,2023/02/19,25.52,6,Success
1220,2023/09/21,2023/09/30,79.04,6,Success
1221,2022/05/12,2022/05/21,763.72,2,Success
1222,2023/12/22,2023/12/30,242.7,2,Success
1223,2023/04/08,2023/04/15,29.53,9,Success
1224,2022/06/14,2022/06/18,330.37,0,Success
1225,2023/04/10,2023/04/19,167.82,8,Success
1226,2024/02/21,2024/02/22,112.66,2,Success
1227,2022/04/28,2022/04/30,440.76,6,Success
1228,2021/08/29,2021/09/01,649.37,6,Success
1229,2023/01/29,2023/02/04,99.39,7,Success
1230,2024/03/16,2024/03/18,256.79,9,Success
1231,2021/11/18,2021/11/26,533.83,3,Success
1232,2022/09/25,2022/10/05,50.16,2,Success
1233,2023/09/21,2023/09/25,511.74,1,Success
1234,2021/11/06,2021/11/15,622.44,1,Success
1235,2022/11/18,2022/11/22,74.17,9,Success
1236,2024/04/30,2024/05/06,535.0,0,Success
1237,2023/07/11,2023/07/21,567.23,0,Success
1238,2023/05/01,2023/05/06,304.42,9,Success
1239,2022/03/05,2022/03/09,781.93,8,Success
1240,2023/04/18,2023/04/26,706.33,8,Success
1241,2021/10/26,2021/11/03,495.74,4,Success
1242,2022/06/30,2022/07/06,362.72,7,Success
1243,2023/07/27,2023/07/31,418.37,4,Success
1244,2023/07/20,2023/07/24,671.71,2,Success
1245,2023/02/14,2023/02/22,248.68,4,Success
1246,2023/04/13,2023/04/20,88.38,9,Success
1247,2023/02/19,2023/02/24,246.26,8,Success
1248,2021/12/27,2022/01/03,538.29,8,Failure
1249,2022/02/27,2022/02/28,231.06,9,Success
1250,2024/03/16,2024/03/18,473.3,7,Success
1251,2023/03/12,2023/03/14,515.78,2,Success
1252,2023/02/25,2023/03/03,623.61,2,Success
1253,2022/08/13,2022/08/21,645.86,6,Success
1254,2022/01/05,2022/01/13,34.34,9,Success
1255,2022/07/13,2022/07/15,328.24,6,Success
1256,2023/10/26,2023/10/27,483.15,2,Success
1257,2022/12/30,2023/01/09,662.19,7,Success
1258,2022/02/11,2022/02/16,675.45,8,Success
1259,2021/08/26,2021/08/31,231.54,3,Success
1260,2023/08/12,2023/08/14,385.76,4,Success
1261,2024/07/08,2024/07/15,776.63,3,Success
1262,2023/11/01,2023/11/04,255.36,3,Success
1263,2021/09/19,2021/09/25,309.07,1,Success
1264,2023/10/02,2023/10/07,178.76,9,Success
1265,2023/09/07,2023/09/10,527.43,7,Success
1266,2022/05/28,2022/06/07,191.05,2,Success
1267,2024/01/25,2024/02/01,123.42,6,Success
1268,2023/03/01,2023/03/08,231.79,8,Failure
1269,2021/07/22,2021/07/28,689.54,2,Success
1270,2022/09/22,2022/10/02,787.83,3,Success
1271,2021/09/13,2021/09/16,695.36,1,Success
1272,2022/12/27,2023/01/02,194.5,6,Success
1273,2023/05/02,2023/05/09,455.03,1,Success
1274,2023/04/17,2023/04/26,343.05,1,Success
1275,2022/03/24,2022/03/27,245.44,1,Success
1276,2023/12/27,2024/01/03,289.01,6,Success
1277,2022/05/10,2022/05/20,215.52,2,Success
1278,2023/05/26,2023/05/29,416.73,8,Failure
1279,2022/05/11,2022/05/20,322.41,9,Success
1280,2021/09/12,2021/09/20,572.89,2,Success
1281,2024/05/06,2024/05/15,327.71,2,Success
1282,2023/03/12,2023/03/14,500.46,2,Success
1283,2024/05/28,2024/06/05,273.5,1,Success
1284,2023/02/20,2023/03/01,511.66,3,Success
1285,2024/01/14,2024/01/21,521.96,5,Success
1286,2022/02/27,2022/03/06,509.27,3,Success
1287,2021/07/22,2021/07/24,523.88,6,Success
1288,2024/03/04,2024/03/08,466.32,7,Success
1289,2024/02/04,2024/02/09,216.5,6,Success
1290,2021/08/04,2021/08/07,536.11,4,Success
1291,2024/02/04,2024/02/08,206.78,0,Success
1292,2023/09/11,2023/09/15,623.35,4,Success
1293,2024/06/01,2024/06/06,684.23,0,Success
1294,2022/07/13,2022/07/23,669.87,3,Success
1295,2021/09/17,2021/09/25,101.23,0,Success
1296,2022/06/04,2022/06/07,203.23,9,Success
1297,2023/01/10,2023/01/16,537.68,9,Success
1298,2022/09/21,2022/09/23,223.09,6,Success
1299,2023/06/30,2023/07/09,728.33,4,Success
1300,2023/10/16,2023/10/21,642.31,4,Success
1301,2023/02/17,2023/02/25,355.71,6,Success
1302,2024/02/12,2024/02/20,43.97,6,Success
1303,2021/10/09,2021/10/10,518.86,4,Success
1304,2022/09/11,2022/09/21,430.02,8,Success
1305,2022/10/27,2022/10/31,172.95,7,Success
1306,2023/09/24,2023/10/02,644.48,2,Success
1307,2021/09/27,2021/10/06,543.75,9,Success
1308,2022/12/21,2022/12/25,325.45,2,Success
1309,2022/01/30,2022/02/07,353.64,9,Success
1310,2022/07/05,2022/07/09,66.04,0,Success
1311,2022/09/16,2022/09/23,631.46,2,Success
1312,2021/08/02,2021/08/08,693.87,7,Success
1313,2021/11/02,2021/11/12,211.68,1,Success
1314,2023/05/11,2023/05/19,86.98,4,Success
1315,2022/09/29,2022/10/04,131.78,9,Success
1316,2024/06/28,2024/07/04,416.93,7,Success
1317,2024/02/22,2024/03/01,656.77,6,Success
1318,2023/05/09,2023/05/12,79.66,8,Success
1319,2022/02/12,2022/02/19,381.0,9,Failure
1320,2022/10/23,2022/10/27,686.14,2,Success
1321,2022/11/15,2022/11/21,664.71,6,Success
1322,2023/05/04,2023/05/06,561.45,1,Success
1323,2021/10/23,2021/10/26,240.04,5,Success
1324,2023/08/12,2023/08/17,762.85,9,Success
1325,2024/06/05,2024/06/10,732.61,7,Success
1326,2023/08/14,2023/08/23,400.81,1,Success
1327,2022/12/28,2023/01/04,361.04,8,Success
1328,2024/06/06,2024/06/12,451.43,1,Success
1329,2023/11/13,2023/11/18,381.07,5,Cancelled
1330,2023/10/14,2023/10/17,609.89,3,Success
1331,2021/08/27,2021/09/06,274.23,5,Success
1332,2023/02/14,2023/02/17,629.9,6,Success
1333,2023/08/08,2023/08/15,554.12,7,Success
1334,2021/09/13,2021/09/14,385.77,8,Success
1335,2021/11/11,2021/11/16,645.6,3,Success
1336,2023/03/14,2023/03/21,497.95,9,Success
1337,2022/10/08,2022/10/12,328.9,2,Success
1338,2023/07/21,2023/07/26,567.38,1,Success
1339,2023/09/24,2023/09/30,578.02,4,Success
1340,2022/01/25,2022/01/31,263.51,0,Success
1341,2024/05/11,2024/05/18,380.16,4,Success
1342,2024/06/27,2024/07/04,37.09,8,Success
1343,2022/07/19,2022/07/29,28.43,8,Success
1344,2022/08/31,2022/09/01,95.46,7,Success
1345,2023/08/28,2023/09/07,213.22,5,Success
1346,2023/04/23,2023/04/30,598.62,5,Success
1347,2021/11/15,2021/11/21,147.62,0,Success
1348,2023/10/30,2023/11/01,95.38,0,Success
1349,2021/07/28,2021/07/30,572.22,4,Success
1350,2024/05/12,2024/05/14,175.96,9,Success
1351,2024/06/24,2024/07/01,664.13,7,Success
1352,2023/08/11,2023/08/14,102.97,5,Success
1353,2024/07/06,2024/07/08,535.3,2,Success
1354,2021/08/08,2021/08/18,688.37,9,Success
1355,2023/03/19,2023/03/27,110.41,1,Success
1356,2023/07/08,2023/07/09,310.89,9,Success
1357,2023/10/28,2023/10/31,88.71,7,Success
1358,2023/02/14,2023/02/18,136.42,2,Success
1359,2021/12/17,2021/12/21,368.75,5,Success
1360,2022/12/29,2023/01/02,594.7,4,Success
1361,2021/09/14,2021/09/20,217.23,7,Success
1362,2022/04/13,2022/04/19,776.69,8,Success
1363,2022/06/28,2022/07/05,638.27,8,Success
1364,2021/09/20,2021/09/22,319.78,1,Success
1365,2024/06/26,2024/06/30,364.21,8,Success
1366,2022/07/15,2022/07/17,573.29,7,Success
1367,2023/05/13,2023/05/18,342.28,8,Success
1368,2022/07/29,2022/08/02,311.7,4,Success
1369,2023/11/29,2023/12/03,103.75,7,Success
1370,2022/06/29,2022/07/09,213.28,9,Success
1371,2022/06/14,2022/06/19,318.7,4,Success
1372,2022/02/23,2022/03/04,167.05,3,Success
1373,2021/10/01,2021/10/10,596.09,7,Success
1374,2022/06/21,2022/07/01,709.2,4,Success
1375,2024/01/18,2024/01/22,376.15,3,Success
1376,2023/10/13,2023/10/14,504.7,7,Success
1377,2024/06/20,2024/06/26,425.45,8,Success
1378,2022/11/24,2022/12/02,155.15,5,Success
1379,2024/01/27,2024/01/28,782.83,5,Success
1380,2024/04/24,2024/04/25,482.02,7,Success
1381,2023/10/09,2023/10/15,486.06,1,Success
1382,2021/08/05,2021/08/12,237.96,3,Success
1383,2023/08/28,2023/09/06,202.02,8,Success
1384,2023/06/15,2023/06/23,193.65,5,Success
1385,2022/03/03,2022/03/07,338.97,6,Success
1386,2022/01/18,2022/01/19,384.17,0,Success
1387,2022/12/14,2022/12/19,48.97,1,Success
1388,2021/10/01,2021/10/05,739.86,8,Success
1389,2024/04/28,2024/04/29,475.18,7,Success
1390,2022/09/20,2022/09/27,351.65,1,Success
1391,2021/11/16,2021/11/19,405.41,2,Success
1392,2023/01/25,2023/02/03,508.51,1,Success
1393,2021/12/14,2021/12/19,550.66,8,Success
1394,2023/08/02,2023/08/03,510.37,0,Success
1395,2021/12/12,2021/12/18,647.51,2,Success
1396,2023/01/27,2023/02/05,687.25,3,Success
1397,2023/01/25,2023/02/03,538.44,5,Success
1398,2023/08/13,2023/08/15,330.55,2,Success
1399,2023/03/28,2023/04/03,756.8,0,Success
1400,2023/03/02,2023/03/12,565.44,3,Success
1401,2023/07/22,2023/07/31,283.04,7,Success
1402,2022/04/10,2022/04/15,258.16,3,Success
1403,2024/01/11,2024/01/16,619.54,1,Success
1404,2023/12/19,2023/12/26,315.36,8,Success
1405,2022/05/09,2022/05/15,124.47,5,Success
1406,2022/04/22,2022/04/30,428.82,3,Success
1407,2023/06/16,2023/06/23,368.53,4,Success
1408,2023/06/18,2023/06/28,337.87,7,Success
1409,2023/07/25,2023/07/29,367.01,6,Success
1410,2022/08/06,2022/08/10,539.11,6,Success
1411,2021/10/16,2021/10/24,152.48,9,Success
1412,2023/09/02,2023/09/12,659.66,6,Success
1413,2021/07/12,2021/07/21,577.82,3,Success
1414,2024/02/15,2024/02/17,75.94,9,Success
1415,2022/06/05,2022/06/09,442.22,2,Success
1416,2022/04/26,2022/05/03,684.87,1,Success
1417,2023/04/06,2023/04/07,462.97,3,Failure
1418,2024/02/28,2024/02/29,205.16,5,Success
1419,2023/08/29,2023/09/02,425.97,4,Success
1420,2023/10/14,2023/10/24,545.35,6,Success
1421,2022/10/28,2022/10/30,131.93,4,Success
1422,2023/07/13,2023/07/18,343.99,7,Success
1423,2024/05/31,2024/06/06,427.82,0,Success
1424,2024/06/13,2024/06/17,297.33,2,Success
1425,2022/03/22,2022/03/23,422.76,9,Success
1426,2024/01/28,2024/02/01,389.55,8,Success
1427,2023/08/10,2023/08/13,754.49,3,Failure
1428,2022/03/10,2022/03/18,720.68,8,Success
1429,2024/01/01,2024/01/08,368.37,2,Success
1430,2023/06/30,2023/07/01,510.61,4,Success
1431,2022/09/26,2022/10/01,655.32,9,Success
1432,2021/09/24,2021/10/03,772.56,8,Success
1433,2023/08/18,2023/08/25,50.55,5,Success
1434,2021/11/30,2021/12/02,215.29,2,Success
1435,2024/03/02,2024/03/03,395.36,3,Success
1436,2022/02/04,2022/02/11,216.79,4,Success
1437,2023/07/23,2023/07/30,78.92,6,Success
1438,2021/09/03,2021/09/04,779.24,9,Success
1439,2022/08/03,2022/08/13,676.7,8,Success
1440,2024/02/22,2024/03/03,765.65,4,Success
1441,2022/02/10,2022/02/16,656.09,5,Success
1442,2022/03/19,2022/03/21,641.46,2,Success
1443,2023/01/11,2023/01/15,292.01,9,Success
1444,2022/03/19,2022/03/28,180.26,7,Success
1445,2022/12/29,2023/01/04,551.46,3,Success
1446,2022/12/10,2022/12/13,36.86,6,Success
1447,2022/02/25,2022/03/05,36.54,5,Cancelled
1448,2022/07/08,2022/07/17,113.16,3,Success
1449,2021/07/23,2021/07/25,423.75,7,Success
1450,2023/08/12,2023/08/13,602.35,3,Success
1451,2022/12/27,2022/12/31,260.22,4,Success
1452,2023/11/11,2023/11/21,483.68,7,Success
1453,2021/07/18,2021/07/26,559.74,7,Success
1454,2021/09/13,2021/09/21,220.59,8,Success
1455,2021/11/13,2021/11/23,530.48,4,Success
1456,2023/07/25,2023/07/30,641.23,6,Success
1457,2022/08/28,2022/09/03,607.17,2,Success
1458,2023/11/10,2023/11/15,690.94,6,Success
1459,2024/04/29,2024/05/07,641.57,2,Success
1460,2023/02/12,2023/02/22,122.53,6,Success
1461,2022/04/09,2022/04/14,566.8,0,Success
1462,2022/03/01,2022/03/07,661.82,9,Success
1463,2022/01/18,2022/01/23,470.17,9,Success
1464,2022/09/09,2022/09/16,782.38,6,Success
1465,2022/09/10,2022/09/16,556.53,4,Success
1466,2024/01/17,2024/01/27,393.63,9,Success
1467,2021/12/10,2021/12/20,557.97,9,Success
1468,2023/08/17,2023/08/24,166.4,3,Success
1469,2023/02/09,2023/02/17,480.15,7,Success
1470,2021/11/29,2021/12/06,233.76,6,Success
1471,2023/06/16,2023/06/17,264.23,5,Success
1472,2023/06/21,2023/07/01,566.37,7,Success
1473,2021/10/08,2021/10/15,153.86,7,Success
1474,2022/08/19,2022/08/24,51.21,0,Success
1475,2023/03/23,2023/03/29,88.65,8,Success
1476,2022/12/19,2022/12/29,390.35,8,Cancelled
1477,2022/01/23,2022/01/31,573.44,0,Success
1478,2022/12/04,2022/12/14,32.2,4,Success
1479,2022/05/14,2022/05/19,610.5,0,Success
1480,2022/10/06,2022/10/15,442.32,0,Success
1481,2021/09/22,2021/09/28,474.49,9,Success
1482,2022/06/27,2022/07/05,576.87,8,Success
1483,2024/03/15,2024/03/20,184.39,9,Success
1484,2023/01/16,2023/01/26,742.11,2,Success
1485,2021/12/28,2021/12/31,715.07,6,Success
1486,2021/12/08,2021/12/12,790.88,3,Success
1487,2024/03/05,2024/03/15,566.87,9,Success
1488,2024/03/19,2024/03/24,51.53,6,Success
1489,2023/04/13,2023/04/15,706.29,8,Success
1490,2023/09/14,2023/09/23,490.5,5,Success
1491,2022/08/28,2022/09/03,282.02,7,Success
1492,2021/10/08,2021/10/15,635.36,2,Success
1493,2022/11/26,2022/12/03,718.87,8,Success
1494,2022/10/23,2022/10/31,225.81,2,Success
1495,2021/10/27,2021/10/30,265.22,2,Success
1496,2021/07/30,2021/07/31,603.95,9,Success
1497,2022/05/20,2022/05/23,519.24,3,Success
1498,2024/05/14,2024/05/19,752.06,6,Success
1499,2023/09/01,2023/09/06,190.19,7,Success
1500,2023/08/17,2023/08/27,194.15,7,Success
1501,2023/08/13,2023/08/21,650.87,2,Success
1502,2023/04/09,2023/04/19,523.93,4,Success
1503,2021/12/28,2022/01/06,604.07,6,Success
1504,2024/06/08,2024/06/11,78.83,8,Success
1505,2024/03/17,2024/03/27,583.81,8,Success
1506,2022/01/17,2022/01/23,332.76,0,Cancelled
1507,2023/06/20,2023/06/26,52.28,2,Success
1508,2023/09/27,2023/10/04,171.58,8,Success
1509,2022/08/01,2022/08/11,771.4,4,Success
1510,2024/05/22,2024/05/28,366.53,7,Success
1511,2023/09/18,2023/09/25,84.41,6,Success
1512,2023/01/27,2023/01/31,624.29,7,Success
1513,2023/02/01,2023/02/06,519.12,9,Success
1514,2022/05/09,2022/05/13,792.21,4,Success
1515,2022/03/25,2022/03/31,699.82,5,Success
1516,2022/07/08,2022/07/10,610.69,2,Success
1517,2023/01/31,2023/02/07,124.0,4,Success
1518,2023/01/08,2023/01/14,357.47,9,Success
1519,2023/11/11,2023/11/21,68.92,8,Success
1520,2022/03/15,2022/03/16,433.7,3,Cancelled
1521,2022/12/28,2022/12/29,370.26,3,Success
1522,2023/06/08,2023/06/18,51.29,3,Success
1523,2022/10/09,2022/10/11,304.7,6,Success
1524,2023/03/15,2023/03/25,532.35,0,Success
1525,2023/06/28,2023/06/29,244.42,5,Success
1526,2022/09/11,2022/09/15,386.49,4,Success
1527,2021/07/11,2021/07/15,709.07,2,Success
1528,2022/03/31,2022/04/02,55.66,4,Success
1529,2021/07/25,2021/07/31,382.43,5,Cancelled
1530,2022/09/12,2022/09/17,199.2,3,Success
1531,2022/12/28,2023/01/05,208.67,0,Success
1532,2022/09/04,2022/09/09,764.53,4,Success
1533,2021/09/01,2021/09/04,374.26,8,Success
1534,2023/09/19,2023/09/27,588.39,6,Success
1535,2024/07/06,2024/07/13,397.74,1,Success
1536,2023/07/10,2023/07/13,696.19,2,Success
1537,2022/10/01,2022/10/11,372.95,9,Success
1538,2021/10/14,2021/10/16,406.68,8,Success
1539,2021/08/11,2021/08/14,97.49,3,Success
1540,2022/12/13,2022/12/19,551.03,4,Success
1541,2021/12/17,2021/12/22,325.68,5,Success
1542,2022/04/15,2022/04/17,90.79,6,Success
1543,2023/12/03,2023/12/09,351.35,6,Success
1544,2024/06/08,2024/06/17,164.75,3,Success
1545,2021/12/12,2021/12/21,627.63,3,Success
1546,2023/07/04,2023/07/14,707.57,1,Success
1547,2022/07/03,2022/07/05,329.36,3,Success
1548,2023/06/02,2023/06/12,555.11,0,Success
1549,2024/01/10,2024/01/14,129.2,6,Success
1550,2021/12/21,2021/12/30,380.61,9,Success
1551,2023/11/11,2023/11/21,385.99,2,Success
1552,2023/04/28,2023/05/04,791.68,0,Success
1553,2021/12/27,2022/01/04,441.63,9,Success
1554,2023/07/01,2023/07/09,313.98,3,Success
1555,2023/11/14,2023/11/19,546.47,9,Success
1556,2024/06/25,2024/07/02,565.52,9,Success
1557,2023/06/23,2023/06/24,373.72,5,Success
1558,2022/06/08,2022/06/09,85.43,7,Success
1559,2022/06/08,2022/06/09,723.22,4,Success
1560,2022/01/20,2022/01/21,419.12,9,Success
1561,2022/04/08,2022/04/09,521.83,5,Success
1562,2022/12/04,2022/12/13,644.23,9,Success
1563,2023/05/31,2023/06/08,174.01,4,Success
1564,2022/11/16,2022/11/18,119.3,5,Success
1565,2022/04/28,2022/05/01,713.69,4,Success
1566,2024/03/11,2024/03/14,275.84,3,Success
1567,2021/08/21,2021/08/27,215.06,4,Success
1568,2022/07/16,2022/07/22,722.63,1,Success
1569,2022/03/30,2022/04/05,242.98,4,Success
1570,2023/04/04,2023/04/13,349.55,7,Success
1571,2023/01/26,2023/01/27,460.6,1,Success
1572,2024/06/20,2024/06/27,166.86,8,Cancelled
1573,2021/12/04,2021/12/09,546.8,2,Success
1574,2022/01/23,2022/01/31,136.43,3,Success
1575,2021/09/20,2021/09/28,242.75,2,Success
1576,2023/06/16,2023/06/25,745.22,1,Success
1577,2023/06/10,2023/06/17,771.87,1,Success
1578,2022/03/20,2022/03/29,195.48,0,Success
1579,2022/08/29,2022/09/01,735.86,4,Cancelled
1580,2024/01/20,2024/01/28,41.8,9,Success
1581,2023/03/28,2023/03/29,160.61,7,Success
1582,2021/12/12,2021/12/19,534.48,9,Success
1583,2022/01/09,2022/01/17,412.59,5,Success
1584,2021/10/02,2021/10/10,681.17,5,Success
1585,2022/03/23,2022/04/02,45.37,4,Success
1586,2021/11/04,2021/11/14,48.79,2,Success
1587,2022/11/22,2022/11/23,472.44,5,Success
1588,2024/02/21,2024/02/24,743.91,4,Cancelled
1589,2022/04/12,2022/04/14,419.31,5,Success
1590,2023/05/29,2023/06/06,175.59,0,Success
1591,2022/09/09,2022/09/16,548.22,8,Success
1592,2024/02/09,2024/02/19,248.7,6,Success
1593,2022/11/12,2022/11/22,211.58,3,Success
1594,2023/10/15,2023/10/23,639.69,0,Success
1595,2024/03/17,2024/03/27,455.07,5,Success
1596,2024/01/22,2024/01/30,721.63,4,Success
1597,2023/05/25,2023/05/28,57.9,7,Success
1598,2023/02/21,2023/03/01,80.45,3,Success
1599,2024/02/07,2024/02/09,536.06,0,Success
1600,2021/10/15,2021/10/19,488.33,9,Success
1601,2022/10/18,2022/10/28,647.96,0,Success
1602,2023/07/10,2023/07/16,131.84,2,Success
1603,2021/12/16,2021/12/19,388.6,5,Success
1604,2022/05/11,2022/05/12,594.14,0,Success
1605,2022/09/15,2022/09/18,28.78,9,Success
1606,2024/02/17,2024/02/21,48.07,3,Success
1607,2021/08/25,2021/09/01,519.88,3,Success
1608,2023/03/10,2023/03/20,614.02,6,Success
1609,2023/11/11,2023/11/16,384.54,6,Success
1610,2023/03/16,2023/03/23,590.24,9,Success
1611,2022/11/27,2022/12/06,364.36,4,Cancelled
1612,2022/06/21,2022/06/23,389.32,8,Success
1613,2024/06/17,2024/06/21,57.1,6,Success
1614,2023/04/01,2023/04/07,197.33,1,Success
1615,2023/03/22,2023/03/28,724.06,0,Success
1616,2022/09/11,2022/09/12,145.55,9,Success
1617,2022/06/29,2022/07/09,696.55,8,Success
1618,2022/03/26,2022/03/27,181.49,9,Success
1619,2024/05/18,2024/05/22,792.9,4,Success
1620,2022/09/23,2022/09/26,26.86,2,Success
1621,2022/05/03,2022/05/11,26.3,4,Success
1622,2021/07/18,2021/07/22,745.25,9,Success
1623,2022/02/06,2022/02/14,437.96,4,Success
1624,2021/11/23,2021/11/30,348.35,7,Failure
1625,2022/09/29,2022/10/08,380.13,4,Success
1626,2023/04/22,2023/04/29,632.92,1,Success
1627,2022/10/23,2022/10/26,726.85,6,Success
1628,2023/12/01,2023/12/10,490.07,3,Success
1629,2023/11/17,2023/11/27,514.61,4,Success
1630,2023/05/01,2023/05/05,134.36,5,Success
1631,2023/03/12,2023/03/14,222.91,7,Success
1632,2024/01/09,2024/01/16,84.92,9,Success
1633,2022/02/14,2022/02/21,358.02,4,Success
1634,2023/03/08,2023/03/14,798.22,4,Success
1635,2022/02/13,2022/02/20,661.89,7,Success
1636,2023/01/04,2023/01/11,113.36,7,Success
1637,2024/03/04,2024/03/09,510.28,4,Success
1638,2021/12/10,2021/12/19,122.4,9,Success
1639,2024/02/07,2024/02/14,655.63,7,Success
1640,2024/04/11,2024/04/14,503.13,2,Failure
1641,2023/05/07,2023/05/12,429.29,8,Success
1642,2022/12/31,2023/01/06,171.1,3,Success
1643,2023/05/11,2023/05/15,266.5,9,Success
1644,2022/09/03,2022/09/07,731.25,6,Success
1645,2024/02/12,2024/02/16,185.15,5,Success
1646,2022/07/01,2022/07/02,721.74,8,Success
1647,2022/11/10,2022/11/17,50.98,0,Success
1648,2022/09/13,2022/09/14,457.85,7,Success
1649,2021/09/09,2021/09/11,349.95,8,Success
1650,2022/01/11,2022/01/17,201.03,6,Success
1651,2022/08/27,2022/09/06,331.42,5,Success
1652,2023/03/23,2023/03/30,336.75,1,Success
1653,2023/04/25,2023/04/28,636.23,2,Success
1654,2023/08/02,2023/08/03,414.19,5,Failure
1655,2022/10/18,2022/10/20,793.64,7,Success
1656,2024/04/24,2024/04/29,214.24,8,Success
1657,2022/11/16,2022/11/18,752.43,0,Success
1658,2024/06/23,2024/07/02,338.24,3,Success
1659,2024/06/10,2024/06/18,586.11,5,Success
1660,2023/01/11,2023/01/14,325.87,4,Success
1661,2022/05/20,2022/05/25,590.44,4,Success
1662,2022/05/05,2022/05/13,538.71,1,Success
1663,2021/11/09,2021/11/12,346.57,4,Success
1664,2023/08/01,2023/08/03,621.24,5,Success
1665,2023/09/09,2023/09/11,588.35,2,Success
1666,2024/06/01,2024/06/11,319.49,5,Success
1667,2021/12/27,2022/01/01,498.61,3,Success
1668,2021/09/02,2021/09/11,104.36,6,Success
1669,2021/08/21,2021/08/26,48.89,1,Success
1670,2023/01/28,2023/02/04,230.7,0,Success
1671,2022/02/24,2022/02/27,410.89,4,Success
1672,2022/02/01,2022/02/02,591.39,1,Success
1673,2021/10/21,2021/10/28,303.88,8,Success
1674,2022/07/29,2022/08/01,661.1,5,Success
1675,2023/10/05,2023/10/10,633.89,9,Success
1676,2021/07/23,2021/07/25,279.74,4,Success
1677,2022/01/19,2022/01/27,702.79,4,Failure
1678,2022/06/25,2022/06/26,738.07,9,Success
1679,2022/07/11,2022/07/14,605.0,2,Success
1680,2023/05/30,2023/06/02,638.68,5,Success
1681,2023/09/04,2023/09/14,124.64,2,Success
1682,2022/06/01,2022/06/05,709.46,2,Success
1683,2021/11/02,2021/11/07,314.64,2,Success
1684,2024/01/03,2024/01/13,93.35,3,Success
1685,2022/08/21,2022/08/30,580.69,2,Success
1686,2022/08/07,2022/08/15,165.4,8,Success
1687,2021/10/17,2021/10/20,754.93,8,Success
1688,2021/08/12,2021/08/20,437.57,9,Success
1689,2023/03/21,2023/03/23,365.78,2,Success
1690,2022/09/10,2022/09/14,566.56,4,Success
1691,2023/04/19,2023/04/21,190.14,7,Failure
1692,2024/06/07,2024/06/11,569.26,9,Success
1693,2023/03/27,2023/04/01,535.1,4,Success
1694,2021/07/17,2021/07/26,138.81,7,Success
1695,2023/11/26,2023/12/01,709.68,7,Success
1696,2022/12/14,2022/12/17,393.26,1,Success
1697,2021/09/04,2021/09/06,289.17,9,Success
1698,2023/08/23,2023/08/27,758.92,2,Success
1699,2022/06/03,2022/06/08,673.61,5,Success
1700,2021/07/31,2021/08/10,453.82,3,Success
1701,2024/04/13,2024/04/16,740.86,2,Success
1702,2022/08/31,2022/09/04,735.0,1,Success
1703,2024/02/16,2024/02/24,531.38,9,Success
1704,2022/01/27,2022/01/30,291.27,3,Success
1705,2024/02/22,2024/02/23,195.69,7,Success
1706,2022/11/28,2022/12/07,692.32,4,Success
1707,2024/07/04,2024/07/09,26.62,3,Success
1708,2023/03/07,2023/03/11,771.04,1,Success
1709,2024/05/27,2024/06/03,525.22,6,Success
1710,2023/02/05,2023/02/12,400.86,0,Success
1711,2022/11/13,2022/11/16,777.99,3,Success
1712,2022/08/26,2022/09/02,42.85,9,Success
1713,2022/10/13,2022/10/17,790.46,5,Success
1714,2022/05/12,2022/05/19,231.2,1,Success
1715,2021/08/11,2021/08/14,375.41,5,Success
1716,2023/10/14,2023/10/23,723.37,8,Success
1717,2021/08/03,2021/08/08,366.12,7,Success
1718,2023/08/25,2023/08/27,587.69,8,Success
1719,2024/04/06,2024/04/14,118.22,4,Success
1720,2021/12/26,2022/01/03,608.03,3,Success
1721,2023/09/25,2023/09/27,109.62,0,Success
1722,2023/03/06,2023/03/11,240.34,0,Success
1723,2021/10/11,2021/10/18,199.76,8,Success
1724,2022/10/02,2022/10/09,530.74,6,Success
1725,2023/05/06,2023/05/10,492.73,8,Success
1726,2024/06/25,2024/07/03,599.42,2,Success
1727,2023/12/19,2023/12/22,577.22,2,Success
1728,2023/11/28,2023/12/01,624.0,0,Success
1729,2021/08/05,2021/08/10,356.7,5,Success
1730,2022/11/27,2022/11/30,311.6,8,Success
1731,2024/06/01,2024/06/11,206.88,4,Success
1732,2021/09/22,2021/09/26,611.77,2,Success
1733,2023/02/25,2023/02/28,143.79,9,Success
1734,2024/05/02,2024/05/06,513.94,0,Success
1735,2022/11/06,2022/11/08,451.95,4,Success
1736,2022/10/06,2022/10/08,767.32,2,Success
1737,2023/06/27,2023/07/04,355.33,1,Success
1738,2022/09/12,2022/09/13,405.68,7,Success
1739,2022/12/24,2022/12/30,190.7,2,Success
1740,2021/10/15,2021/10/23,449.08,9,Success
1741,2024/04/01,2024/04/04,397.85,4,Success
1742,2023/02/17,2023/02/23,24.2,2,Success
1743,2023/12/10,2023/12/18,367.47,6,Success
1744,2022/09/24,2022/09/29,114.34,3,Success
1745,2022/05/12,2022/05/13,102.04,9,Success
1746,2023/10/14,2023/10/16,263.84,2,Cancelled
1747,2024/04/13,2024/04/22,147.87,6,Success
1748,2022/10/05,2022/10/07,400.98,0,Success
1749,2022/10/26,2022/11/05,432.76,1,Success
1750,2021/12/10,2021/12/19,94.36,2,Success
1751,2022/10/22,2022/10/29,480.93,2,Success
1752,2021/10/17,2021/10/20,95.2,2,Success
1753,2022/12/13,2022/12/14,84.25,5,Success
1754,2023/04/30,2023/05/06,327.61,0,Success
1755,2023/01/26,2023/02/04,283.41,1,Success
1756,2023/06/27,2023/07/07,229.16,3,Failure
1757,2023/03/18,2023/03/19,486.57,1,Success
1758,2023/03/07,2023/03/15,270.79,5,Success
1759,2023/07/19,2023/07/25,642.92,5,Success
1760,2022/04/14,2022/04/22,138.18,3,Success
1761,2022/04/06,2022/04/13,562.8,3,Success
1762,2023/11/15,2023/11/25,372.54,9,Success
1763,2021/09/04,2021/09/14,218.42,1,Success
1764,2022/06/09,2022/06/10,625.25,0,Success
1765,2023/08/26,2023/09/01,111.12,7,Success
1766,2022/02/03,2022/02/05,225.77,9,Success
1767,2022/07/07,2022/07/14,695.23,3,Success
1768,2023/11/21,2023/11/24,641.23,2,Success
1769,2021/09/25,2021/10/01,293.43,9,Success
1770,2024/03/09,2024/03/17,172.34,1,Success
1771,2022/06/28,2022/06/30,331.41,7,Success
1772,2024/07/10,2024/07/14,83.08,0,Success
1773,2022/04/26,2022/05/05,792.96,5,Success
1774,2022/02/01,2022/02/05,258.78,0,Failure
1775,2023/06/15,2023/06/17,324.51,3,Success
1776,2022/10/27,2022/10/29,694.67,9,Success
1777,2023/10/12,2023/10/18,664.7,7,Success
1778,2022/06/16,2022/06/21,256.58,0,Success
1779,2022/02/06,2022/02/08,456.75,9,Success
1780,2022/11/29,2022/12/09,625.07,1,Success
1781,2023/12/29,2024/01/02,476.29,5,Success
1782,2024/01/09,2024/01/15,728.32,2,Success
1783,2021/08/29,2021/08/31,794.45,9,Success
1784,2022/06/12,2022/06/13,759.27,8,Success
1785,2024/04/24,2024/04/28,447.41,5,Success
1786,2024/06/18,2024/06/21,391.71,2,Success
1787,2023/03/28,2023/04/07,362.48,1,Success
1788,2024/05/07,2024/05/12,681.16,1,Success
1789,2023/08/08,2023/08/10,737.28,9,Success
1790,2022/09/08,2022/09/17,733.46,9,Success
1791,2024/04/07,2024/04/10,32.3,6,Success
1792,2021/10/16,2021/10/22,278.6,6,Success
1793,2021/10/27,2021/10/31,596.39,7,Success
1794,2023/12/13,2023/12/23,572.07,9,Success
1795,2022/06/19,2022/06/27,248.81,9,Success
1796,2023/05/28,2023/06/01,374.92,2,Success
1797,2023/07/21,2023/07/27,336.91,1,Success
1798,2022/11/07,2022/11/13,64.68,3,Success
1799,2022/01/16,2022/01/20,62.5,8,Success
1800,2023/10/18,2023/10/19,709.12,9,Success
1801,2023/10/06,2023/10/15,725.46,3,Success
1802,2021/11/18,2021/11/28,594.37,3,Success
1803,2023/03/02,2023/03/05,241.43,4,Success
1804,2023/11/01,2023/11/06,323.61,2,Success
1805,2023/12/10,2023/12/19,689.16,0,Success
1806,2021/07/21,2021/07/25,759.4,8,Success
1807,2022/02/10,2022/02/19,328.57,6,Success
1808,2023/06/26,2023/07/04,246.53,9,Success
1809,2022/09/08,2022/09/15,66.16,8,Success
1810,2022/06/14,2022/06/21,109.13,7,Success
1811,2024/03/01,2024/03/02,660.46,9,Success
1812,2023/12/21,2023/12/22,489.45,4,Success
1813,2023/03/26,2023/03/27,590.0,4,Success
1814,2022/02/18,2022/02/28,311.06,1,Success
1815,2021/11/22,2021/11/25,499.42,2,Success
1816,2021/10/17,2021/10/19,480.35,6,Success
1817,2021/12/14,2021/12/19,163.14,4,Success
1818,2022/11/29,2022/12/02,588.7,5,Success
1819,2023/08/21,2023/08/29,526.76,3,Success
1820,2023/07/18,2023/07/21,488.72,7,Success
1821,2023/01/15,2023/01/20,422.96,7,Success
1822,2022/08/01,2022/08/11,291.32,8,Success
1823,2024/07/08,2024/07/12,598.12,4,Success
1824,2024/02/25,2024/02/27,682.93,5,Success
1825,2023/08/30,2023/09/07,166.78,7,Success
1826,2023/10/18,2023/10/19,775.29,9,Success
1827,2023/04/07,2023/04/14,215.33,1,Success
1828,2022/12/08,2022/12/11,93.7,2,Success
1829,2022/08/21,2022/08/23,159.04,4,Success
1830,2022/07/23,2022/07/30,657.88,8,Cancelled
1831,2023/08/03,2023/08/12,790.65,3,Success
1832,2023/03/28,2023/04/07,119.6,0,Success
1833,2023/11/15,2023/11/20,72.78,7,Success
1834,2022/03/01,2022/03/11,335.12,5,Success
1835,2021/11/05,2021/11/12,778.66,4,Success
1836,2021/07/15,2021/07/22,123.73,1,Success
1837,2023/11/22,2023/11/25,220.67,3,Success
1838,2021/10/15,2021/10/20,412.72,7,Success
1839,2022/06/21,2022/06/29,476.29,8,Success
1840,2021/12/02,2021/12/07,500.06,7,Success
1841,2024/03/21,2024/03/30,426.59,5,Success
1842,2024/05/11,2024/05/16,262.03,8,Success
1843,2022/06/01,2022/06/03,422.98,2,Success
1844,2023/12/23,2023/12/24,770.45,0,Success
1845,2024/07/01,2024/07/02,474.54,1,Success
1846,2023/02/22,2023/02/26,336.63,1,Success
1847,2022/11/18,2022/11/23,158.49,9,Success
1848,2022/01/11,2022/01/20,162.65,8,Success
1849,2024/01/28,2024/02/07,89.86,8,Success
1850,2021/11/09,2021/11/12,185.35,5,Success
1851,2024/05/02,2024/05/12,635.1,4,Success
1852,2023/09/30,2023/10/08,686.9,1,Success
1853,2021/11/07,2021/11/15,618.42,3,Success
1854,2022/06/19,2022/06/22,217.54,4,Success
1855,2021/10/12,2021/10/21,20.45,7,Success
1856,2022/04/12,2022/04/22,754.16,4,Success
1857,2022/03/22,2022/03/24,212.95,5,Success
1858,2024/07/10,2024/07/15,82.01,7,Success
1859,2022/12/18,2022/12/22,82.81,8,Success
1860,2022/04/16,2022/04/25,229.66,7,Success
1861,2021/07/30,2021/08/08,222.79,4,Success
1862,2024/02/01,2024/02/03,747.75,2,Success
1863,2022/12/04,2022/12/08,713.05,9,Failure
1864,2022/01/28,2022/02/06,435.55,5,Success
1865,2024/02/08,2024/02/09,507.99,7,Success
1866,2022/01/08,2022/01/10,103.39,9,Success
1867,2023/04/07,2023/04/16,324.64,9,Success
1868,2023/12/09,2023/12/10,310.27,7,Success
1869,2022/10/01,2022/10/10,758.5,8,Success
1870,2022/07/03,2022/07/06,473.81,1,Success
1871,2022/10/31,2022/11/06,247.94,8,Success
1872,2024/03/05,2024/03/09,656.24,2,Success
1873,2022/09/25,2022/10/02,426.02,1,Success
1874,2024/06/25,2024/06/26,87.65,0,Success
1875,2024/06/12,2024/06/17,245.65,5,Success
1876,2021/10/23,2021/10/27,69.91,7,Success
1877,2024/06/08,2024/06/10,295.95,0,Success
1878,2022/04/29,2022/05/08,150.03,6,Success
1879,2023/02/06,2023/02/07,124.72,6,Success
1880,2023/03/18,2023/03/22,562.24,1,Success
1881,2022/01/26,2022/01/29,457.56,0,Success
1882,2022/03/04,2022/03/05,461.56,5,Success
1883,2022/07/20,2022/07/25,771.59,1,Success
1884,2021/09/17,2021/09/19,423.37,1,Success
1885,2024/02/07,2024/02/17,759.58,2,Success
1886,2022/05/15,2022/05/19,599.53,8,Success
1887,2023/08/11,2023/08/15,519.53,4,Success
1888,2022/01/04,2022/01/05,714.65,4,Success
1889,2022/01/11,2022/01/19,485.94,4,Success
1890,2021/11/09,2021/11/10,596.62,8,Success
1891,2024/05/20,2024/05/29,204.38,3,Success
1892,2022/01/18,2022/01/27,594.75,6,Success
1893,2022/03/02,2022/03/06,580.56,3,Success
1894,2022/09/02,2022/09/07,134.96,8,Success
1895,2022/07/25,2022/08/04,185.49,9,Success
1896,2021/09/26,2021/10/05,661.43,7,Success
1897,2023/08/19,2023/08/28,700.65,6,Success
1898,2022/10/03,2022/10/07,222.18,0,Cancelled
1899,2022/09/19,2022/09/29,342.31,6,Success
1900,2022/09/28,2022/10/05,489.63,3,Success
1901,2024/01/09,2024/01/13,258.99,3,Success
1902,2022/01/15,2022/01/18,67.92,2,Success
1903,2023/05/01,2023/05/08,437.94,5,Success
1904,2023/05/02,2023/05/11,229.87,8,Success
1905,2022/08/18,2022/08/19,346.36,0,Success
1906,2023/03/25,2023/04/03,27.1,9,Success
1907,2024/05/04,2024/05/12,144.66,3,Success
1908,2023/08/17,2023/08/26,596.78,8,Success
1909,2022/11/06,2022/11/10,334.76,7,Success
1910,2022/06/09,2022/06/14,178.58,4,Success
1911,2021/11/15,2021/11/25,723.43,1,Success
1912,2021/11/04,2021/11/13,167.88,5,Success
1913,2023/06/15,2023/06/24,655.27,6,Success
1914,2023/11/24,2023/12/01,778.88,3,Success
1915,2023/08/11,2023/08/19,541.56,7,Success
1916,2021/10/30,2021/11/05,185.44,1,Success
1917,2021/12/06,2021/12/09,93.84,5,Success
1918,2024/02/28,2024/03/02,222.33,6,Success
1919,2021/10/24,2021/11/01,512.14,0,Success
1920,2022/07/28,2022/08/01,768.34,7,Success
1921,2024/04/04,2024/04/11,230.75,6,Success
1922,2022/05/24,2022/05/31,628.67,8,Success
1923,2022/03/08,2022/03/15,799.67,9,Success
1924,2024/01/10,2024/01/13,314.17,1,Success
1925,2024/06/24,2024/06/28,44.39,9,Success
1926,2023/09/06,2023/09/12,573.44,5,Success
1927,2022/03/07,2022/03/14,392.65,4,Success
1928,2022/04/25,2022/04/27,447.08,0,Success
1929,2024/01/30,2024/02/05,285.77,1,Success
1930,2023/01/12,2023/01/13,180.89,1,Success
1931,2024/02/12,2024/02/18,733.67,6,Success
1932,2021/11/21,2021/11/25,197.82,6,Success
1933,2023/09/02,2023/09/10,358.44,5,Success
1934,2022/05/18,2022/05/27,219.76,3,Success
1935,2022/09/25,2022/09/28,774.03,5,Success
1936,2023/04/08,2023/04/15,517.41,0,Success
1937,2022/03/22,2022/03/26,601.71,3,Success
1938,2022/08/26,2022/09/05,159.34,4,Success
1939,2022/10/24,2022/10/26,476.64,8,Success
1940,2022/11/03,2022/11/06,768.98,8,Success
1941,2024/02/14,2024/02/15,594.49,8,Success
1942,2022/06/11,2022/06/13,666.59,5,Success
1943,2021/09/11,2021/09/18,720.03,3,Success
1944,2024/06/01,2024/06/03,526.58,3,Success
1945,2022/01/11,2022/01/20,370.22,0,Success
1946,2023/12/28,2024/01/05,397.89,9,Success
1947,2023/01/16,2023/01/20,161.46,0,Success
1948,2023/01/25,2023/01/28,333.81,3,Success
1949,2022/07/28,2022/08/01,523.21,4,Success
1950,2021/10/13,2021/10/20,51.58,0,Success
1951,2022/05/04,2022/05/06,397.93,0,Success
1952,2024/04/07,2024/04/14,135.58,9,Success
1953,2022/09/09,2022/09/13,788.23,0,Success
1954,2024/06/10,2024/06/16,463.42,7,Success
1955,2022/08/18,2022/08/25,259.99,0,Success
1956,2022/03/28,2022/04/02,727.49,4,Success
1957,2023/05/23,2023/06/01,536.03,8,Success
1958,2022/06/26,2022/06/27,491.73,7,Success
1959,2023/08/31,2023/09/05,561.06,2,Success
1960,2021/12/20,2021/12/30,605.26,0,Success
1961,2023/08/25,2023/08/27,518.41,4,Success
1962,2023/10/03,2023/10/10,417.38,0,Success
1963,2022/06/23,2022/06/25,637.88,1,Success
1964,2023/05/02,2023/05/12,490.78,6,Success
1965,2023/10/26,2023/11/04,249.93,1,Success
1966,2024/02/01,2024/02/06,66.18,4,Success
1967,2024/01/25,2024/01/29,788.23,0,Success
1968,2021/10/24,2021/10/26,256.3,8,Success
1969,2023/10/27,2023/11/01,258.61,2,Success
1970,2022/10/21,2022/10/28,601.25,1,In Progress
1971,2022/11/27,2022/12/03,657.22,9,In Progress
1972,2022/09/21,2022/09/23,687.23,6,In Progress
1973,2021/09/27,2021/10/02,107.9,0,In Progress
1974,2023/11/03,2023/11/12,203.13,1,In Progress
1975,2024/01/03,2024/01/11,487.66,8,In Progress
1976,2024/05/24,2024/05/31,599.5,2,In Progress
1977,2022/11/27,2022/12/07,455.0,4,In Progress
1978,2021/07/13,2021/07/20,124.59,2,In Progress
1979,2022/05/14,2022/05/24,55.31,7,In Progress
1980,2022/10/30,2022/11/07,139.06,9,In Progress
1981,2023/12/15,2023/12/20,456.71,6,In Progress
1982,2022/12/26,2023/01/01,687.61,3,In Progress
1983,2022/05/01,2022/05/11,427.23,0,In Progress
1984,2022/09/18,2022/09/19,446.02,0,In Progress
1985,2024/01/13,2024/01/18,391.87,5,In Progress
1986,2023/03/24,2023/03/25,469.77,7,In Progress
1987,2023/08/27,2023/08/30,50.59,4,In Progress
1988,2022/04/06,2022/04/15,217.02,6,In Progress
1989,2023/03/29,2023/03/31,635.8,7,In Progress
1990,2022/05/21,2022/05/30,719.06,4,In Progress
1991,2024/03/04,2024/03/06,491.61,4,In Progress
1992,2022/03/02,2022/03/04,330.45,6,In Progress
1993,2023/08/20,2023/08/23,121.21,3,In Progress
1994,2021/10/22,2021/10/26,417.66,2,In Progress
1995,2022/02/20,2022/02/27,123.19,3,In Progress
1996,2023/08/22,2023/08/26,112.49,7,In Progress
1997,2023/10/01,2023/10/07,507.49,3,In Progress
1998,2023/06/19,2023/06/22,692.4,9,In Progress
1999,2023/07/31,2023/08/10,544.59,3,In Progress
