purchase_id,product_id
0,10
0,11
0,2
0,3
0,9
0,13
0,17
0,16
0,26
1,22
1,12
1,6
2,3
2,24
2,28
2,19
2,10
2,4
2,26
3,12
3,15
3,24
3,8
3,27
3,1
3,6
3,4
4,8
4,26
4,28
4,15
5,20
5,23
5,14
5,25
6,4
6,12
7,14
7,8
7,11
7,23
7,25
7,19
7,4
7,17
7,3
7,18
8,29
8,23
8,7
8,6
8,25
9,9
9,29
9,6
10,18
10,12
10,2
11,22
11,7
11,26
11,25
12,3
12,10
12,13
12,17
12,18
12,11
12,23
12,15
13,4
13,26
13,14
13,23
13,21
13,13
13,20
13,6
13,12
13,9
14,2
14,9
14,6
15,17
15,9
15,5
15,8
15,18
15,20
15,4
15,2
15,24
16,0
16,12
16,25
17,8
17,3
18,7
18,2
18,29
18,1
18,18
18,13
19,3
19,11
19,19
20,18
20,16
21,14
21,11
21,22
21,12
21,2
22,17
23,25
23,28
23,21
23,14
23,3
23,24
23,1
23,4
24,9
24,18
25,3
25,24
25,17
25,5
26,29
26,23
26,12
26,16
26,9
26,21
27,28
27,9
27,16
27,2
28,14
28,24
28,28
28,18
28,29
28,11
28,12
28,20
28,1
28,9
29,19
29,10
29,28
29,5
29,17
29,16
29,29
29,1
29,4
29,18
30,18
30,26
31,0
32,15
32,24
32,18
32,14
32,1
33,8
33,7
33,1
33,0
33,6
33,10
33,18
34,18
34,3
34,14
34,15
34,29
34,21
34,20
34,9
34,13
35,11
35,9
35,19
35,29
35,1
35,13
36,24
36,2
36,25
36,20
37,11
37,15
38,2
38,5
38,22
38,10
38,21
38,18
38,11
38,25
38,15
38,9
39,9
39,5
39,7
39,29
39,27
40,25
40,24
40,20
40,22
41,25
41,23
41,13
41,18
41,20
41,9
41,14
41,15
41,28
42,7
42,12
42,6
42,15
42,25
42,23
42,11
43,23
43,1
43,16
43,2
43,6
43,13
44,13
44,23
44,17
44,0
44,6
44,20
44,15
44,26
45,20
45,22
45,14
45,17
45,2
45,21
45,27
45,16
45,6
46,13
47,20
48,24
48,1
48,22
48,15
48,16
48,14
48,17
48,26
48,8
48,28
49,13
49,12
49,27
49,8
49,29
49,28
49,16
49,24
50,19
50,16
51,5
51,2
51,29
51,4
51,12
51,3
52,29
52,7
52,19
52,5
52,22
52,20
53,3
53,4
53,2
53,10
53,21
53,12
53,27
53,14
53,26
54,18
54,20
54,8
55,12
55,8
55,24
55,9
56,10
56,5
56,27
56,25
56,7
57,27
57,3
57,9
57,19
57,12
57,5
57,20
57,18
58,18
59,17
59,21
59,23
59,15
59,28
59,18
59,5
60,11
60,14
60,23
60,9
60,4
61,4
61,9
61,0
61,3
61,27
61,6
61,1
62,14
62,2
62,24
62,0
62,25
62,23
62,21
63,13
63,17
63,9
63,8
63,7
63,26
63,22
63,3
63,25
64,16
64,23
64,17
64,1
64,21
64,19
64,24
64,18
64,8
65,18
65,13
65,26
65,9
65,17
65,25
65,8
66,21
66,28
66,14
66,25
66,29
66,24
66,11
66,3
66,1
67,29
67,23
68,17
68,11
68,14
68,26
68,5
68,15
68,22
68,29
68,0
69,7
69,6
69,26
70,24
70,25
70,29
71,4
71,24
71,22
71,8
71,18
72,0
72,23
73,6
73,16
74,7
74,19
74,2
74,26
74,15
74,1
75,19
75,6
75,8
76,2
76,24
76,18
76,21
76,3
77,26
77,17
77,28
77,22
77,8
77,15
77,1
78,27
78,1
78,20
78,23
79,1
79,19
79,0
79,22
79,8
79,10
79,27
79,29
80,3
80,0
81,28
82,21
82,15
82,0
82,5
82,17
82,19
82,8
83,20
83,14
83,21
84,5
84,7
84,10
84,27
84,18
84,2
84,8
84,26
84,12
85,26
85,4
85,9
85,19
85,14
85,5
85,22
85,0
86,1
87,0
87,29
87,5
87,4
87,26
88,28
88,1
88,21
88,14
88,27
88,2
88,25
88,9
89,9
89,4
89,12
89,5
89,27
89,25
90,7
90,23
90,10
90,11
90,19
90,21
91,27
91,2
91,12
91,14
91,26
91,7
91,23
92,6
92,16
92,1
92,8
92,24
92,17
92,9
92,25
93,16
93,19
93,29
93,10
93,14
94,12
94,27
94,1
94,13
94,25
94,10
94,0
94,29
95,22
95,25
95,11
95,20
96,7
96,1
96,8
96,17
96,11
96,5
96,10
97,11
97,25
97,7
97,3
97,14
97,29
97,23
98,16
98,3
98,28
98,7
98,2
98,27
98,9
98,26
99,29
99,17
99,10
99,20
99,2
99,23
99,21
99,18
99,26
99,14
100,19
100,6
100,25
100,17
100,27
101,19
101,29
101,11
101,8
101,9
101,22
102,13
102,17
102,4
102,9
102,12
102,21
102,22
102,5
102,2
103,14
103,28
103,27
103,5
103,7
103,0
103,3
104,23
104,7
104,26
104,4
104,12
105,22
105,19
105,4
105,0
105,8
105,9
105,26
106,0
106,5
106,21
107,9
107,12
108,9
108,14
108,29
108,12
108,4
108,28
108,8
108,1
108,21
108,6
109,25
109,18
109,12
109,26
109,23
109,14
109,16
109,17
110,2
110,24
110,22
110,20
110,25
110,8
110,23
110,18
110,4
111,29
111,12
111,2
111,19
112,13
112,23
113,6
113,23
113,10
113,29
113,27
113,25
113,28
113,24
113,2
113,3
114,23
114,12
114,8
114,17
114,20
114,22
114,0
114,4
114,11
114,14
115,0
115,2
115,29
115,24
115,14
115,17
116,12
116,1
116,11
116,10
117,18
118,25
118,0
118,2
118,27
119,20
119,0
120,6
120,2
120,7
120,26
120,20
120,14
120,29
120,15
120,11
120,0
121,26
121,2
121,25
121,5
121,27
122,13
122,14
122,24
122,1
122,5
122,8
123,19
123,12
123,8
123,24
123,13
124,16
124,12
124,2
124,24
124,23
124,10
124,14
124,21
124,28
125,14
125,10
125,0
125,21
126,3
126,4
126,24
126,11
127,27
127,4
127,11
127,2
127,14
127,15
128,13
128,0
128,9
128,10
128,8
128,4
128,29
128,26
129,3
129,20
129,5
129,28
129,29
129,1
129,11
130,10
130,12
131,17
131,28
132,22
132,21
132,8
132,26
132,2
132,4
132,0
133,0
133,18
133,5
133,22
134,11
134,20
135,20
136,12
136,3
136,23
136,1
137,14
137,0
137,18
137,8
138,4
138,0
138,26
138,7
138,19
138,2
138,20
139,12
139,21
139,24
139,1
139,7
139,18
139,15
139,2
140,16
141,0
141,13
141,25
141,26
141,28
141,6
141,1
141,12
141,22
142,0
142,26
142,21
142,7
142,27
142,11
142,10
142,4
143,9
143,19
143,10
143,26
143,18
143,28
143,20
143,23
143,0
143,17
144,3
144,4
145,13
145,20
145,9
146,22
146,18
146,25
146,11
146,19
146,12
146,7
146,5
146,0
147,0
147,7
147,20
147,14
147,11
147,21
147,15
147,23
148,15
148,19
148,9
148,10
148,3
148,22
148,0
148,14
149,9
149,20
149,27
149,1
149,17
149,11
149,6
149,28
149,15
149,4
150,21
150,12
150,25
150,17
151,29
152,13
152,4
153,22
153,28
153,9
153,18
153,5
153,7
153,3
153,1
153,14
154,11
154,18
154,25
154,14
154,20
154,26
155,19
155,9
155,0
155,17
156,23
156,11
157,15
157,9
157,8
157,4
157,2
157,16
157,14
157,27
157,3
157,20
158,10
158,23
158,12
158,29
159,1
159,6
159,11
159,8
159,0
159,29
159,18
159,26
159,24
160,24
160,10
161,3
161,4
161,21
161,18
161,23
161,17
161,8
162,7
162,25
162,26
163,29
163,21
163,17
163,0
163,15
163,16
164,7
164,6
164,26
164,4
165,12
165,25
166,20
166,0
166,14
166,6
166,12
166,23
166,13
166,1
166,27
167,19
167,18
167,9
167,5
168,11
168,1
168,26
169,12
169,24
170,28
170,14
170,1
170,3
170,29
170,7
170,26
170,21
171,12
171,2
171,22
171,17
172,29
172,16
172,4
172,11
172,24
172,13
172,23
173,25
173,8
173,29
173,20
173,0
173,12
174,2
174,19
174,10
175,26
175,2
175,17
175,14
175,29
175,9
175,0
175,10
176,23
176,20
176,3
176,24
177,2
177,25
177,17
177,12
178,1
178,27
178,18
179,1
179,7
179,20
179,21
179,4
179,23
179,19
180,15
180,3
180,2
180,4
180,20
180,18
180,22
181,2
181,25
181,5
181,8
181,17
181,6
182,19
182,9
182,15
182,20
183,27
183,28
183,2
183,9
183,3
183,22
183,24
184,19
184,14
184,4
184,6
184,8
184,17
185,4
185,18
185,23
185,2
185,1
186,22
186,14
186,0
186,24
187,2
187,7
188,12
188,29
188,17
188,21
188,26
189,8
189,27
190,26
190,15
190,10
190,3
190,19
190,5
190,12
191,10
192,3
193,28
193,6
194,23
195,18
195,2
196,28
196,2
196,21
196,4
196,3
197,14
197,1
198,23
198,27
198,19
198,1
199,23
199,3
199,15
199,12
199,25
199,0
199,13
200,25
201,19
201,17
201,3
201,5
201,8
201,9
201,4
202,6
203,11
203,5
203,25
203,3
203,22
203,28
203,21
203,18
203,12
204,26
204,9
205,21
205,10
205,16
205,12
205,19
205,7
205,27
205,28
205,1
205,8
206,3
206,9
206,7
206,14
207,19
208,29
208,9
208,17
208,8
209,21
209,16
209,18
209,9
209,25
209,17
209,12
209,29
210,0
210,18
210,1
210,28
210,15
210,20
211,6
211,2
211,4
212,2
212,5
212,19
212,8
212,28
213,19
213,5
214,10
214,1
214,16
214,11
215,26
215,25
215,2
215,27
215,12
215,1
215,24
215,13
216,9
216,24
217,11
218,28
218,10
218,3
218,12
218,13
218,26
218,8
218,14
219,5
219,25
219,11
219,8
219,26
219,4
219,28
219,15
219,20
219,10
220,28
220,1
220,15
220,10
220,23
221,0
221,16
221,2
221,9
221,7
221,26
221,15
221,6
221,12
221,23
222,4
222,27
223,17
223,7
224,8
224,1
224,7
224,15
224,27
225,14
225,3
225,29
226,7
226,24
226,10
226,16
226,17
227,12
227,14
227,23
227,5
227,13
227,1
227,24
227,11
228,14
228,24
228,19
229,2
229,19
229,16
229,11
229,9
229,15
230,15
230,16
230,1
231,10
231,19
231,8
232,8
232,21
232,4
233,19
233,12
233,24
233,10
233,21
233,23
233,26
233,14
233,13
233,20
234,4
234,17
234,29
234,6
234,8
234,27
234,18
234,23
234,13
235,5
235,2
235,26
235,19
235,14
236,6
236,9
236,29
236,25
236,1
236,13
237,21
237,16
237,25
237,19
237,13
237,14
237,3
237,20
237,11
237,17
238,15
238,10
238,1
238,0
238,6
238,26
238,19
238,29
238,3
238,20
239,3
240,27
240,2
240,29
240,14
240,26
240,25
240,15
240,23
241,2
241,15
242,16
242,1
243,12
243,25
243,5
244,18
244,16
244,2
244,4
244,23
244,12
244,14
244,5
244,15
244,19
245,24
245,4
245,2
245,16
245,7
246,1
246,26
246,11
246,18
247,3
247,19
247,26
247,23
247,10
247,4
247,17
247,22
247,7
248,5
248,24
248,20
248,26
248,13
248,15
248,25
248,12
248,21
249,0
249,9
249,2
249,27
249,16
249,10
249,11
250,8
250,17
251,12
251,28
251,17
251,16
251,15
251,23
251,6
252,21
252,26
252,23
252,27
252,4
252,5
252,10
252,13
253,7
254,6
254,5
255,0
255,17
255,15
256,18
256,9
256,13
256,1
256,2
256,27
257,24
257,4
258,0
258,26
258,9
258,14
258,1
259,4
260,2
261,8
261,6
261,14
261,27
261,29
261,7
262,22
262,9
263,10
263,4
264,5
265,14
265,21
265,17
265,19
266,2
266,10
266,9
267,12
267,6
267,7
267,19
267,2
267,15
267,29
267,18
267,3
267,10
268,28
268,26
268,0
269,9
269,11
269,18
270,1
270,24
271,13
271,9
272,10
272,14
272,9
272,28
272,8
272,21
272,20
273,28
274,14
274,0
274,7
274,15
274,13
274,29
274,23
275,9
275,19
275,24
275,20
276,16
276,5
276,6
276,15
276,10
277,3
277,25
278,0
278,4
278,19
278,18
278,5
278,16
279,14
279,23
279,6
279,10
279,2
279,1
279,29
279,13
279,15
279,3
280,14
280,22
280,13
280,12
280,11
280,19
281,22
281,20
281,23
282,12
282,11
283,24
283,16
283,29
283,6
283,13
283,19
284,17
284,1
284,9
284,15
284,10
284,19
284,24
284,16
284,29
284,14
285,3
285,15
285,10
285,19
285,29
285,20
285,1
286,13
286,10
286,16
286,14
286,4
286,25
286,0
286,29
286,27
286,3
287,13
287,18
287,2
287,26
287,9
287,16
287,4
288,8
288,16
288,11
288,19
288,18
288,22
288,15
288,1
289,6
289,28
289,21
289,12
289,5
289,24
289,9
289,17
289,19
290,20
290,22
290,18
290,4
290,12
290,28
290,6
290,3
291,20
291,4
291,14
291,29
291,3
291,9
291,22
292,8
292,20
292,0
293,29
294,23
294,10
294,27
295,23
295,15
295,20
295,16
296,12
296,6
296,9
297,8
297,12
297,26
297,9
297,24
297,18
297,13
297,10
297,28
298,27
299,14
299,9
299,28
299,10
299,6
300,0
300,24
300,8
300,10
300,29
300,1
300,17
301,19
301,9
302,6
302,17
302,14
302,2
302,7
302,19
302,16
302,25
302,1
303,8
304,28
304,26
304,13
304,18
304,24
304,10
304,4
304,3
304,0
305,21
305,11
305,25
306,23
306,20
306,13
307,12
307,18
307,26
307,8
307,16
308,7
308,16
308,17
308,11
308,1
309,27
310,21
310,5
310,16
310,29
311,26
311,23
311,27
311,18
311,25
311,9
311,8
312,19
312,15
312,10
312,1
313,13
313,20
313,21
313,11
313,19
313,27
313,18
313,23
313,17
313,8
314,7
315,29
315,13
315,18
315,2
315,0
315,24
315,10
316,2
317,2
317,22
317,14
317,16
317,15
317,10
318,11
318,27
318,3
318,4
319,3
319,26
319,6
319,17
319,9
319,7
319,0
319,28
319,12
320,5
321,8
321,4
321,16
321,12
321,22
321,5
321,11
321,14
322,25
322,27
322,1
322,5
322,28
322,3
322,9
322,23
323,7
323,14
323,20
323,10
323,0
323,28
323,24
323,21
323,16
323,26
324,21
324,11
324,0
324,4
324,13
324,20
324,6
325,4
325,0
325,24
325,8
325,15
326,15
326,6
326,8
326,12
326,7
326,2
327,12
327,9
327,20
327,21
327,28
327,16
328,26
328,3
328,7
329,21
329,7
329,23
329,14
329,17
329,28
329,16
330,13
331,7
331,28
331,2
331,25
331,14
332,9
332,14
332,12
332,29
332,18
333,13
334,23
334,9
334,14
334,21
334,8
334,7
334,6
334,16
334,28
335,24
336,23
336,1
336,16
336,2
337,21
337,2
337,17
337,0
337,18
337,15
337,23
338,29
338,16
338,9
338,6
338,11
338,15
338,14
338,17
338,12
338,18
339,6
339,7
339,17
340,21
340,16
340,26
341,7
341,13
341,11
341,25
341,27
341,14
342,11
342,24
342,1
342,2
342,16
342,6
342,19
342,10
343,19
343,11
343,9
343,8
343,15
343,24
343,21
343,25
343,1
343,6
344,1
344,3
344,26
344,2
344,18
344,22
344,27
344,8
344,4
344,16
345,20
345,0
345,26
345,14
345,13
345,6
345,9
346,1
347,15
347,0
347,7
347,14
347,3
347,4
347,11
347,29
347,6
347,23
348,17
348,10
348,19
348,5
348,1
348,8
348,24
348,11
349,7
349,2
349,20
350,7
350,8
350,9
350,15
350,5
350,24
350,16
350,27
351,13
351,28
351,18
352,25
352,27
352,3
352,6
353,29
353,1
353,20
353,13
353,15
353,16
354,26
355,23
355,26
355,2
356,4
356,6
356,9
356,8
356,5
356,22
356,13
357,22
357,4
357,16
357,6
357,25
357,1
357,23
357,17
358,2
358,16
358,19
359,14
359,26
359,22
359,24
359,5
359,20
359,4
359,13
359,16
360,24
360,28
360,0
360,1
361,21
362,14
362,20
362,24
362,2
363,0
363,16
363,12
363,23
363,17
363,26
363,7
364,17
365,5
365,26
365,20
365,8
365,22
365,11
366,6
367,24
367,29
367,20
367,26
367,7
367,22
367,12
367,14
367,1
368,28
368,11
368,8
368,29
368,6
368,27
368,26
369,22
369,1
369,17
369,8
369,9
370,27
370,9
370,24
370,11
371,29
371,3
371,11
371,8
371,13
372,3
372,28
372,10
372,18
372,4
372,7
372,17
372,26
372,29
373,29
373,4
373,13
373,10
373,1
373,28
373,21
373,7
373,3
373,16
374,9
374,18
374,8
374,12
375,14
375,9
376,24
376,7
376,19
376,8
376,20
376,10
376,4
377,28
377,29
377,17
377,18
377,27
377,16
378,0
378,9
378,20
378,16
378,2
379,4
379,2
379,1
380,25
380,20
381,5
381,21
381,7
382,8
382,18
382,24
382,20
383,29
383,4
384,1
384,23
384,5
384,6
384,17
384,20
384,24
385,5
385,14
385,24
385,0
385,23
385,13
386,23
387,8
388,1
388,17
388,26
388,0
388,21
388,23
389,16
389,24
389,12
389,6
389,22
389,5
390,17
390,9
390,2
390,13
391,19
391,8
391,11
391,5
391,14
391,0
391,16
391,10
392,13
392,29
392,26
392,6
392,24
393,6
393,26
393,1
393,22
393,13
393,24
393,20
393,5
393,27
394,14
394,11
395,16
395,2
395,6
395,3
396,6
396,18
396,29
396,23
397,27
398,6
399,27
399,16
399,21
399,3
399,4
399,14
399,17
399,13
400,16
400,1
401,15
401,17
401,12
401,8
401,2
401,24
401,1
402,11
402,13
402,26
403,8
403,27
404,29
404,10
404,13
404,12
405,20
405,18
405,22
406,28
406,29
407,26
407,9
407,17
407,23
407,15
407,8
407,28
407,0
407,25
407,11
408,9
408,22
409,2
409,18
409,23
409,14
409,0
409,1
409,17
410,0
410,7
410,6
410,29
410,10
411,9
411,8
412,0
412,11
412,17
412,16
412,4
412,28
413,2
413,29
413,6
413,7
413,22
413,13
413,12
413,21
414,18
414,12
414,22
414,25
414,14
415,10
415,7
415,27
415,19
415,15
416,0
416,7
417,11
417,15
418,13
418,0
418,6
418,23
418,5
418,27
418,22
418,3
418,12
418,2
419,17
420,1
420,22
420,16
420,14
420,25
420,11
420,15
420,20
421,25
421,24
422,0
422,1
423,22
423,29
423,4
423,13
423,9
423,14
423,1
423,23
423,16
423,26
424,11
424,4
424,15
424,7
424,18
424,28
424,29
424,20
425,7
425,22
425,3
425,5
425,2
426,14
426,1
426,18
426,12
426,13
426,23
426,0
427,20
427,17
427,25
427,22
427,0
427,12
427,1
427,9
428,13
428,2
428,25
428,1
428,28
428,12
428,17
428,0
429,10
430,20
430,23
430,21
430,9
430,7
430,6
431,28
431,25
431,26
432,22
432,8
432,7
432,23
432,13
432,24
433,23
433,1
433,5
433,29
434,20
434,1
434,11
434,6
434,18
434,3
434,24
435,0
436,10
437,11
437,21
437,28
437,2
437,20
437,9
437,5
437,10
437,24
437,26
438,0
438,8
439,20
439,10
439,7
439,1
439,27
440,7
441,1
441,25
441,19
442,7
443,7
443,16
443,26
443,11
443,17
443,20
443,23
443,10
443,29
444,5
444,24
444,19
444,11
444,4
444,0
445,22
445,15
445,14
445,27
445,6
445,7
446,28
446,17
446,12
446,13
446,6
447,19
447,14
447,1
447,12
448,3
449,3
449,22
449,27
449,19
449,4
449,12
449,15
449,8
449,20
450,11
451,26
451,19
451,17
451,20
451,24
452,6
452,17
453,19
453,25
453,10
453,8
453,20
453,12
454,19
454,8
454,10
454,6
454,3
454,17
454,21
454,12
455,11
455,18
455,22
455,19
455,8
455,16
455,25
455,23
455,27
456,11
456,14
456,1
456,19
456,18
456,24
456,0
457,0
457,29
457,22
457,24
457,12
457,1
457,28
457,9
457,6
457,26
458,2
458,25
458,13
458,29
458,23
458,1
458,21
458,8
458,12
459,17
459,24
459,8
459,10
459,2
459,25
460,9
460,24
460,16
460,6
460,15
460,7
460,4
460,26
460,21
461,3
461,6
461,16
461,7
461,14
461,12
461,22
461,20
462,29
463,18
463,20
463,3
463,29
463,8
463,11
463,6
463,9
464,23
464,24
464,3
464,19
464,10
464,9
464,1
464,7
465,19
465,11
465,2
465,4
465,27
465,17
465,23
465,29
465,3
466,26
466,7
466,14
466,10
466,22
466,11
466,3
466,6
466,12
466,15
467,1
467,25
467,4
467,20
467,23
468,25
468,15
468,9
468,1
468,27
468,12
468,29
468,20
468,5
468,8
469,11
469,12
469,14
469,16
470,8
470,22
470,15
470,19
470,18
470,0
470,1
470,10
471,2
471,16
471,29
471,9
471,14
472,10
472,0
473,20
473,7
473,19
474,22
474,15
474,8
474,3
474,7
474,27
474,4
474,12
475,22
475,15
475,11
475,10
475,16
475,9
475,19
475,24
475,0
476,14
476,24
476,28
476,27
477,10
477,13
477,12
477,22
477,28
478,24
478,28
478,20
478,18
478,19
478,5
478,17
479,15
479,19
479,3
479,10
479,27
479,26
479,18
479,9
479,1
480,20
481,20
481,3
481,10
481,9
481,21
481,5
481,2
481,12
481,8
481,19
482,26
482,18
482,14
482,27
482,0
482,5
482,23
483,18
483,7
484,5
484,28
484,17
484,24
484,23
484,29
484,21
484,19
484,4
485,16
485,27
485,22
485,14
486,2
486,29
487,21
488,24
488,2
489,22
489,6
489,18
489,1
489,5
490,8
490,27
490,11
490,23
490,26
491,2
491,23
491,25
491,4
492,23
492,15
492,10
492,16
492,13
492,0
493,0
493,7
493,18
493,28
493,17
493,12
493,21
493,3
494,2
494,10
494,8
494,7
494,11
494,16
494,13
495,0
495,13
495,5
495,7
496,28
496,6
496,14
496,25
496,12
496,3
496,4
496,22
496,16
496,29
497,25
497,7
497,12
497,2
497,11
497,5
497,20
498,10
498,12
499,13
499,23
499,14
500,13
500,16
500,28
500,15
500,20
500,5
500,9
500,25
500,14
500,1
501,24
501,0
501,2
501,20
501,26
501,16
501,9
501,12
501,7
501,8
502,9
502,26
502,29
502,7
502,13
502,24
503,13
504,29
504,26
504,5
505,7
505,20
505,13
505,18
506,29
506,7
507,27
507,22
507,24
507,6
507,26
507,21
507,2
507,19
508,17
508,19
509,1
509,25
509,4
509,15
509,9
509,0
509,7
509,29
510,18
510,7
510,21
510,12
510,1
510,2
510,25
510,16
510,27
511,0
511,24
511,1
511,22
512,2
512,29
512,7
512,16
512,4
512,18
512,0
512,10
513,14
513,22
513,29
513,20
513,26
513,1
513,25
513,3
513,18
514,7
515,1
515,15
515,7
516,20
516,10
516,28
517,12
517,16
517,0
518,2
518,29
518,25
519,23
519,11
519,9
519,21
520,29
520,0
520,6
520,5
520,21
520,12
520,24
520,1
520,14
520,11
521,15
521,22
522,20
522,27
522,28
522,17
523,9
523,29
523,18
524,16
524,24
524,7
524,21
524,17
524,8
524,5
525,9
526,29
526,6
526,27
526,15
526,19
527,22
527,16
527,12
527,28
527,23
527,3
527,26
527,2
527,24
527,20
528,0
529,2
529,18
529,11
529,24
529,19
530,9
530,1
530,4
530,5
530,7
530,15
531,21
532,10
532,9
532,14
532,25
532,8
532,12
532,23
533,15
533,11
533,29
533,14
533,17
533,10
533,7
533,20
533,3
534,23
534,3
534,21
534,19
534,8
534,13
535,20
535,27
535,26
535,17
535,25
535,21
535,29
535,15
535,18
535,1
536,26
536,2
536,15
536,4
536,17
536,22
536,14
536,8
536,12
537,27
537,5
537,25
537,19
537,14
537,26
537,15
537,21
538,29
538,18
538,23
538,1
538,20
539,13
539,22
539,28
539,8
539,10
539,1
539,23
539,5
539,12
539,11
540,1
540,16
540,26
540,18
540,22
540,20
540,8
541,28
541,7
541,25
541,0
542,14
542,3
542,21
542,29
542,17
542,15
542,0
543,9
543,2
544,7
544,9
544,27
544,25
545,23
545,7
545,16
545,4
545,13
545,3
545,6
545,0
546,12
546,20
547,27
547,22
548,9
548,29
548,12
548,11
548,22
548,19
548,15
548,27
548,8
549,17
549,29
549,3
550,28
550,16
550,21
550,12
551,15
551,4
551,6
551,24
551,8
551,19
552,19
553,28
553,18
553,23
553,27
553,16
553,5
553,20
553,0
554,24
554,12
554,21
554,7
554,20
554,0
554,23
554,17
554,25
555,19
555,14
555,23
555,17
555,21
555,12
556,20
556,13
556,11
556,23
557,14
557,20
557,16
557,28
557,4
557,15
558,7
558,9
558,19
558,27
558,8
559,0
559,29
559,15
559,7
559,25
560,18
560,23
560,14
560,10
560,9
560,25
560,29
560,12
560,4
560,15
561,22
561,1
561,19
561,11
561,23
561,6
561,8
562,14
562,1
563,1
563,16
563,7
563,9
563,8
564,17
564,16
564,28
564,27
564,1
564,20
564,0
564,13
565,18
565,9
565,24
565,0
565,3
565,21
566,3
566,0
566,21
566,26
566,7
566,28
566,25
566,18
566,22
567,15
567,12
567,20
567,23
568,9
568,1
568,3
568,25
568,16
568,12
569,13
569,24
569,11
569,8
569,5
569,19
569,7
569,0
569,14
570,20
570,3
570,28
570,15
570,0
570,29
570,25
570,14
571,12
572,13
573,16
573,28
574,18
574,5
574,22
574,13
574,21
574,25
574,6
575,21
575,18
575,5
575,2
575,27
575,14
575,7
575,19
575,25
576,11
576,20
576,17
576,7
576,9
576,28
576,5
576,2
577,19
577,20
577,18
577,27
577,6
577,21
577,26
578,10
578,14
578,29
579,1
579,15
579,9
579,14
579,29
579,6
579,13
580,13
580,0
580,3
580,22
580,29
580,6
580,8
581,6
582,6
582,5
582,27
582,24
582,19
582,15
583,25
583,29
583,27
583,22
583,5
583,21
583,6
584,0
584,19
584,4
584,9
584,1
584,18
584,14
585,2
585,11
586,22
586,13
586,7
587,8
587,27
587,2
587,0
587,23
587,15
587,6
587,13
588,6
588,21
588,3
588,10
588,25
588,14
588,24
588,20
588,15
589,11
590,8
590,1
590,2
590,7
590,16
590,12
590,4
590,5
590,19
591,12
591,3
591,1
591,8
591,15
591,20
592,20
592,4
592,11
592,2
593,23
593,21
593,3
593,14
593,17
593,15
593,29
593,27
593,28
594,11
595,10
596,17
596,11
596,0
596,23
596,25
597,6
597,20
597,10
597,29
598,22
598,4
598,3
598,12
598,16
598,2
598,9
598,21
598,0
598,20
599,7
600,21
601,20
601,19
601,27
601,1
601,5
601,8
601,24
601,18
601,21
601,26
602,18
602,21
602,14
602,23
603,28
603,2
603,25
603,9
604,10
604,27
604,21
604,5
604,25
605,21
605,15
605,23
605,29
605,25
605,16
605,11
605,28
605,3
605,13
606,1
606,27
606,4
606,29
606,9
607,24
607,1
607,5
607,11
607,6
607,18
608,5
608,23
609,21
609,11
609,16
609,10
609,26
609,25
609,12
609,14
609,9
610,6
610,25
610,22
610,9
611,26
611,19
611,13
611,12
611,1
611,2
611,23
612,25
612,1
613,27
613,4
613,19
613,18
613,29
613,15
614,3
614,6
614,18
614,5
614,4
615,21
615,13
615,0
615,2
615,17
615,22
615,18
615,14
616,5
616,20
616,8
616,0
616,18
617,9
617,7
617,16
617,4
618,7
618,11
618,10
619,23
619,8
619,3
619,22
619,27
619,19
619,2
619,11
619,29
619,20
620,26
620,2
620,18
620,0
620,6
621,14
621,20
622,21
622,23
622,17
622,22
622,0
622,16
622,2
622,4
622,15
623,25
623,19
624,26
624,25
625,25
625,29
625,28
625,22
625,9
625,11
626,22
627,1
628,6
628,25
628,26
628,13
629,13
629,3
630,29
630,14
630,10
631,13
631,11
631,9
631,5
631,15
631,12
631,4
631,26
631,23
632,27
632,11
632,15
632,7
632,21
632,17
632,26
632,29
633,14
633,18
633,6
633,15
633,23
633,22
633,11
633,27
634,25
634,13
634,21
634,12
634,29
634,6
634,18
634,16
634,10
634,4
635,22
635,1
635,23
635,13
636,20
636,16
636,18
636,6
636,28
636,13
637,21
637,28
637,4
637,9
637,3
637,5
637,0
637,2
638,24
638,2
638,8
638,11
638,15
638,10
639,22
639,8
639,11
639,7
639,10
639,14
639,24
639,27
639,25
640,5
640,26
640,9
640,23
640,0
640,11
640,25
640,20
640,4
641,20
641,25
641,11
641,29
641,22
641,16
641,17
642,21
642,15
642,26
642,2
642,28
642,17
643,7
643,6
643,12
643,29
643,1
644,26
645,1
645,13
645,11
645,5
645,12
645,22
645,26
646,23
647,21
647,17
648,19
648,25
648,21
649,12
649,25
649,24
649,21
649,22
650,27
650,7
650,8
650,12
650,22
650,2
650,0
651,21
651,24
652,12
652,22
652,15
652,8
652,28
652,20
652,23
652,14
653,29
653,17
653,21
653,8
654,17
654,18
654,16
654,0
654,7
654,15
654,8
654,19
654,13
655,15
655,1
655,13
655,25
655,6
655,16
655,2
655,29
655,21
655,14
656,6
656,21
657,3
657,1
657,0
658,5
658,8
658,4
658,14
658,28
658,22
658,12
658,29
658,25
659,24
659,26
659,25
659,21
659,3
659,12
659,2
659,22
660,27
660,17
660,2
661,16
661,5
661,8
661,24
662,19
662,6
662,24
662,18
662,8
662,28
663,8
663,19
663,14
663,9
663,2
663,26
664,25
664,28
664,13
664,2
664,17
664,21
665,9
665,25
665,28
666,0
666,29
666,21
666,15
666,25
666,20
666,9
666,17
667,2
667,14
668,0
668,19
668,27
668,3
668,1
669,9
669,1
669,24
669,3
669,10
669,11
669,8
669,26
669,25
670,19
670,8
670,23
670,17
671,15
671,16
671,17
671,11
671,3
671,26
671,29
671,18
671,1
672,19
672,2
672,16
672,0
673,28
673,15
673,22
673,7
673,14
673,3
673,12
673,5
673,20
673,6
674,29
674,19
674,9
674,23
674,21
674,5
674,18
674,27
675,7
675,8
675,12
675,24
676,29
676,11
676,19
676,28
676,5
677,7
677,8
677,13
677,5
677,20
677,2
677,22
677,17
677,6
678,25
678,9
678,6
678,16
678,29
679,26
679,17
679,6
679,16
679,3
679,18
679,25
680,13
680,5
680,20
681,3
681,4
681,25
681,27
681,26
681,17
681,13
681,15
682,8
682,21
682,19
682,10
683,22
683,15
683,28
684,25
684,20
684,0
684,17
684,14
684,12
684,15
684,5
684,2
685,14
685,7
685,3
686,23
686,8
686,29
686,27
686,17
687,1
687,11
688,25
688,5
688,27
688,29
688,18
688,16
688,9
688,8
688,6
689,3
689,13
689,11
689,1
689,16
690,28
690,3
690,16
690,15
690,29
690,26
690,5
690,0
690,4
691,27
691,28
692,26
692,1
692,11
692,5
692,24
692,15
692,12
692,20
692,16
693,22
693,20
693,8
693,19
694,18
694,6
694,9
694,4
694,28
694,3
694,17
695,3
695,4
695,17
695,11
695,10
695,1
695,22
695,6
695,21
696,1
696,3
696,8
696,25
696,16
696,9
696,28
696,17
696,19
696,5
697,6
697,18
697,4
697,23
698,28
698,13
698,4
698,1
698,14
698,6
698,21
699,17
699,27
700,5
700,15
700,26
700,21
700,8
700,23
701,7
701,25
701,18
701,24
701,3
701,28
701,9
701,21
701,22
702,18
703,12
703,19
704,19
704,23
704,8
704,2
704,11
704,17
704,21
704,13
705,25
705,8
705,28
705,29
705,10
705,6
705,21
705,22
706,25
706,16
706,23
707,17
707,24
707,3
707,7
707,14
707,18
707,4
707,1
707,2
707,12
708,19
708,28
708,24
708,17
708,7
708,20
708,27
709,21
709,12
709,15
709,9
709,1
709,8
709,5
710,22
710,12
710,4
710,24
710,28
711,13
711,26
711,19
711,9
711,21
712,12
712,25
712,9
712,28
712,27
712,13
713,3
713,15
713,2
713,26
713,17
713,23
713,29
714,23
714,13
714,27
714,17
714,14
714,26
714,0
714,25
714,1
714,15
715,6
715,1
715,19
715,16
715,18
716,29
716,25
716,17
716,19
716,10
717,27
717,24
717,18
718,7
719,23
719,17
719,27
719,11
719,22
719,2
720,6
720,28
720,12
721,11
721,29
721,0
721,19
721,5
721,15
721,10
721,2
722,19
722,0
722,28
722,16
722,3
722,5
722,11
723,0
723,1
723,2
723,4
724,20
724,14
725,13
725,5
725,4
725,6
725,10
725,0
725,19
725,3
726,21
726,26
727,4
727,5
727,17
727,14
728,0
728,27
728,10
728,20
728,9
728,26
729,2
729,21
729,9
729,7
729,19
730,7
730,25
730,28
730,23
730,17
730,22
730,21
730,10
730,14
730,3
731,27
731,25
731,10
731,29
731,1
731,6
731,20
731,21
731,7
731,9
732,8
732,4
732,21
732,14
732,19
732,25
733,26
733,10
733,8
733,2
733,7
733,21
733,15
733,22
734,1
734,28
734,21
734,25
734,24
734,13
734,17
734,0
735,20
735,4
735,28
736,23
736,0
736,29
736,17
736,4
736,7
736,12
736,2
737,8
737,0
737,18
738,28
738,4
738,27
739,3
740,26
740,20
740,3
740,13
740,28
740,19
740,27
741,5
741,16
741,2
741,26
742,12
742,2
742,26
743,19
743,9
744,11
744,2
744,22
744,3
744,19
744,21
744,28
744,0
744,5
745,29
746,28
747,16
747,19
747,6
747,0
747,10
747,18
748,7
748,4
748,26
748,5
748,17
748,1
749,25
749,11
749,16
749,10
749,29
749,17
750,11
751,15
751,19
751,24
751,13
751,18
751,14
751,16
752,21
752,5
752,10
752,6
752,3
752,1
752,4
753,10
753,5
753,7
754,17
754,5
754,14
755,5
755,2
756,11
756,26
757,21
757,11
757,22
757,17
757,3
757,7
757,13
757,0
757,27
758,12
759,19
760,15
760,23
760,28
761,16
761,29
761,18
761,0
761,8
762,19
762,5
762,15
762,1
762,9
762,13
762,17
762,12
763,12
763,16
763,13
763,26
763,10
763,29
763,7
763,25
763,2
764,15
764,28
765,11
765,15
765,6
766,8
766,24
766,18
766,1
766,23
766,4
766,17
766,3
767,15
767,1
768,12
768,14
768,6
768,19
768,15
768,13
768,3
768,22
768,16
768,25
769,22
770,15
770,20
770,29
770,2
770,14
770,0
771,11
771,24
771,12
771,27
772,19
773,13
773,24
773,19
773,5
773,4
773,25
773,14
773,8
773,21
774,17
774,3
775,20
776,8
776,23
776,14
776,18
776,26
776,25
777,0
777,1
777,4
777,29
778,8
778,21
778,10
778,0
778,2
778,19
778,29
778,9
778,15
779,23
779,1
780,9
780,18
780,8
780,4
780,20
780,17
780,1
780,23
781,28
781,23
781,22
781,27
782,29
782,16
782,14
782,11
782,7
782,8
783,29
783,9
783,17
783,24
783,0
784,0
784,5
784,13
784,20
785,12
785,29
786,3
786,12
787,4
787,0
788,14
788,9
788,7
788,3
788,13
789,21
789,18
789,15
789,8
789,25
789,23
789,13
789,10
789,20
790,15
790,4
790,11
790,26
790,19
791,18
791,4
791,28
791,5
792,8
792,23
792,6
792,5
792,19
792,10
792,4
793,10
794,16
794,29
794,20
795,23
795,19
795,4
795,26
795,14
795,10
795,8
796,9
796,11
796,6
796,25
796,20
796,3
796,4
796,23
797,22
797,13
797,8
797,3
797,18
797,4
797,26
797,27
797,19
797,23
798,6
798,21
798,27
798,16
798,17
799,14
799,12
799,26
799,0
799,25
799,13
799,6
800,23
800,0
800,9
800,2
801,20
801,12
801,1
801,19
801,17
801,9
801,7
801,24
801,5
801,16
802,8
802,17
802,19
802,4
802,15
802,0
803,4
803,28
803,8
803,2
803,21
803,10
803,15
803,20
803,12
803,26
804,6
804,4
804,11
804,5
804,29
804,13
804,20
804,21
805,9
805,29
805,6
805,24
805,13
805,27
805,7
805,16
805,4
806,6
806,17
806,27
806,29
806,25
806,26
806,16
806,22
806,1
806,24
807,12
808,1
808,7
808,2
809,25
809,19
809,3
809,9
810,18
810,6
810,19
810,29
810,15
810,9
811,14
811,1
812,20
812,9
812,2
812,22
813,25
813,29
813,10
813,1
813,4
813,11
813,0
814,17
814,1
814,5
814,19
814,2
815,10
815,19
815,18
815,4
815,26
815,3
815,20
815,21
815,14
816,21
816,10
817,29
817,28
817,23
817,14
817,25
817,1
818,26
818,27
819,14
819,11
819,0
819,9
819,28
820,15
820,9
820,20
820,12
820,25
820,0
820,19
820,10
820,28
820,5
821,11
821,6
821,5
822,2
822,7
822,23
822,8
823,11
823,5
823,7
823,9
824,17
824,18
824,5
824,29
825,24
825,21
825,22
825,7
825,18
825,2
826,23
826,0
826,21
826,6
826,17
826,11
826,26
826,3
826,15
826,19
827,24
828,0
828,25
828,29
828,11
828,8
829,22
829,16
829,29
829,14
829,4
829,19
829,15
830,13
830,15
831,2
832,6
832,21
832,20
832,8
832,23
832,12
832,13
832,19
832,27
832,29
833,22
833,15
833,24
833,13
833,12
833,20
833,29
833,1
834,27
834,17
834,20
834,22
834,4
834,12
834,14
834,16
834,11
835,26
835,10
835,18
835,20
835,11
836,16
836,17
836,8
836,7
837,17
837,29
837,28
837,3
837,7
837,8
837,16
837,0
838,10
839,5
839,19
839,20
839,9
840,13
841,9
842,6
842,12
842,7
842,15
842,0
843,10
843,28
843,2
843,25
843,12
843,29
843,22
843,8
843,14
844,3
844,13
844,21
844,26
844,25
844,29
844,8
844,22
844,20
845,19
845,21
845,28
845,29
845,18
845,22
845,8
846,27
846,13
846,0
846,25
846,28
846,1
846,15
846,6
846,24
846,11
847,15
847,21
847,20
847,14
847,1
847,29
847,22
847,6
847,0
847,18
848,28
848,16
848,6
848,4
848,9
848,14
848,21
848,20
848,24
848,2
849,12
850,22
850,8
850,5
850,27
851,28
851,25
851,9
851,26
851,0
851,21
851,11
851,13
852,24
852,16
853,28
853,6
854,23
854,25
854,15
854,29
854,19
854,21
854,17
854,18
855,5
855,23
855,12
855,18
856,8
856,22
856,0
856,2
856,7
856,24
856,4
857,26
857,8
857,25
857,14
857,13
857,12
857,17
857,0
858,29
858,0
858,15
858,27
858,16
858,7
858,28
858,6
858,17
858,23
859,7
859,13
859,10
859,22
859,24
859,4
859,8
859,17
860,20
861,27
862,23
862,17
862,29
863,9
863,17
863,26
863,4
864,3
864,0
864,10
864,25
864,7
864,11
865,4
865,29
866,8
866,22
866,5
866,11
867,22
867,0
867,28
867,3
867,4
867,25
867,1
867,12
868,9
868,14
868,2
868,19
868,3
868,25
868,26
868,5
868,11
869,1
869,24
869,5
870,16
870,14
870,19
870,27
871,24
871,28
871,8
871,0
871,12
872,9
872,26
872,15
872,19
873,11
873,6
873,20
874,20
874,28
874,4
874,10
874,18
875,19
875,23
875,14
875,8
875,25
875,6
875,11
875,24
875,7
875,3
876,18
877,1
877,20
878,1
878,6
878,11
878,15
878,18
878,9
878,29
878,25
879,13
879,22
879,20
879,5
879,26
879,12
879,16
879,9
879,1
880,15
880,23
880,19
880,10
880,5
880,7
880,27
880,1
880,26
881,3
881,19
881,14
881,16
882,12
882,3
882,2
882,24
883,22
883,11
884,19
884,26
884,11
884,6
884,23
885,5
885,26
885,3
885,14
885,28
885,19
885,12
885,2
886,19
886,13
886,2
886,25
886,20
886,15
887,7
887,24
887,10
887,23
887,17
887,8
887,18
887,14
887,0
888,22
888,4
888,3
889,0
889,20
889,28
889,23
889,7
889,3
889,5
889,15
890,19
890,24
891,20
891,5
891,15
892,5
892,19
892,4
892,22
892,21
892,10
892,25
892,1
892,15
892,0
893,28
893,6
893,12
893,17
893,14
893,5
893,25
894,28
894,26
894,3
895,13
895,8
895,17
896,22
896,10
896,26
896,12
896,19
896,9
897,16
897,7
897,22
898,7
898,14
898,2
898,11
898,10
898,1
899,1
899,27
900,10
900,0
900,28
900,5
900,26
900,1
900,23
900,12
900,27
901,21
901,26
901,20
901,9
901,14
901,11
902,23
902,13
902,8
902,11
902,3
902,29
902,7
902,19
902,12
902,18
903,16
903,17
903,12
903,9
903,0
903,5
903,11
904,12
904,20
905,25
906,28
907,17
907,14
907,29
907,6
908,16
908,19
908,26
908,8
908,14
908,23
909,27
909,12
909,1
910,26
910,11
910,0
911,8
911,19
911,15
911,22
911,17
911,11
911,3
911,13
911,9
912,23
912,22
912,13
912,5
912,20
912,2
912,1
912,12
912,28
913,24
913,0
913,27
913,28
913,23
913,29
913,25
914,11
914,15
914,7
915,28
916,22
916,7
916,26
916,11
916,12
916,13
916,24
916,18
916,16
917,22
917,0
917,7
917,3
918,28
918,22
919,10
919,3
919,21
919,11
919,0
919,18
919,20
919,29
919,23
919,24
920,8
920,3
920,22
920,5
920,9
920,11
920,17
920,29
921,8
921,1
921,16
921,2
921,11
921,28
921,17
922,19
922,12
922,8
922,29
922,20
922,28
922,16
923,1
923,21
923,12
923,16
923,24
924,21
924,10
924,25
924,13
924,22
924,26
924,1
925,23
925,15
925,1
925,20
925,19
925,13
925,7
925,12
925,24
925,26
926,23
926,9
926,29
926,1
926,26
926,6
926,16
926,14
926,11
926,28
927,14
927,20
927,4
927,9
927,10
927,1
928,26
928,0
928,14
928,24
928,23
929,17
929,15
930,20
930,25
930,11
931,0
931,10
931,4
931,29
931,7
931,14
931,2
931,5
931,27
931,13
932,19
932,4
932,27
932,9
932,26
933,23
934,2
934,26
934,14
935,12
935,3
935,10
935,27
936,7
936,2
936,29
936,5
936,27
936,15
937,26
937,8
937,20
937,7
937,25
937,21
937,12
937,29
937,11
937,10
938,15
938,1
938,9
938,20
938,17
938,26
939,4
939,19
939,15
939,17
939,25
939,28
940,15
940,6
940,12
940,20
940,17
941,17
941,0
941,6
941,29
941,12
941,9
941,25
941,15
942,17
942,25
942,21
943,7
943,12
943,2
943,18
943,17
943,5
944,29
944,20
944,4
944,17
945,25
946,2
946,7
946,26
946,14
946,5
946,22
946,29
946,4
946,24
946,1
947,23
947,25
947,7
947,24
948,1
948,3
948,29
948,19
949,5
949,16
949,20
949,22
949,4
950,9
950,20
950,6
950,10
950,3
951,10
951,20
951,11
951,23
951,27
952,9
952,0
952,4
952,24
952,16
953,12
954,5
954,19
955,9
955,26
956,6
956,12
956,0
956,10
956,2
956,16
956,27
956,11
957,1
957,7
957,17
957,4
957,10
957,23
957,20
957,8
957,12
958,4
958,2
958,21
958,23
958,1
958,11
959,8
959,19
959,4
959,26
959,3
960,23
960,3
961,0
961,18
961,6
961,23
961,9
961,21
962,5
962,25
962,27
962,17
962,2
962,29
962,14
962,21
962,0
962,6
963,19
963,25
963,7
963,11
963,26
963,4
963,28
964,17
964,27
964,12
964,15
964,8
964,2
964,29
965,4
965,8
965,22
965,1
965,24
965,10
965,3
966,10
966,13
966,20
966,17
966,23
966,29
966,0
966,25
966,7
967,3
968,14
968,15
968,8
968,0
968,26
968,3
968,2
969,8
970,0
971,13
971,24
971,1
971,19
971,7
971,16
971,3
971,8
971,0
972,15
972,22
972,14
972,29
972,27
972,16
972,7
972,11
973,24
973,2
973,4
973,13
973,21
974,23
975,8
975,21
975,20
975,27
975,2
975,24
975,6
976,9
976,6
976,28
976,13
976,1
977,17
977,1
977,28
977,12
977,6
977,10
977,3
978,8
978,6
979,7
979,16
979,22
979,13
979,9
980,3
980,24
980,27
980,19
980,7
980,20
980,5
980,9
981,13
981,10
982,22
982,17
982,9
982,0
982,21
982,28
982,14
982,10
982,7
982,4
983,2
983,14
983,0
983,29
983,24
983,27
983,23
983,6
984,29
984,25
984,1
984,10
984,7
984,14
984,4
984,5
984,28
984,16
985,29
985,11
985,1
985,5
985,12
985,6
985,23
986,19
986,18
986,20
986,23
986,25
986,1
986,26
986,6
987,1
987,19
987,6
987,0
987,10
987,29
987,25
987,21
987,24
988,1
988,20
988,0
989,5
989,3
990,15
990,9
990,8
990,1
991,9
991,29
992,14
992,6
992,24
992,15
992,25
993,13
993,20
993,14
993,10
993,17
994,5
994,18
994,15
994,10
994,24
994,28
995,7
995,29
995,22
995,4
995,5
995,17
995,10
995,2
995,28
995,9
996,21
997,1
997,5
997,8
997,18
997,20
997,10
997,15
997,27
997,22
997,4
998,3
998,27
998,29
998,4
998,7
998,14
998,17
998,6
998,19
999,11
999,28
999,19
999,4
999,2
999,13
999,18
999,14
1000,23
1000,29
1000,4
1000,14
1000,26
1000,24
1000,2
1000,1
1000,7
1000,19
1001,24
1001,12
1001,4
1001,10
1001,26
1002,1
1002,12
1002,26
1002,28
1002,20
1002,0
1002,23
1002,27
1003,14
1003,15
1003,10
1003,26
1003,13
1003,2
1003,20
1003,19
1003,9
1003,21
1004,15
1004,29
1004,12
1004,4
1004,26
1005,23
1006,5
1006,6
1007,11
1007,22
1007,25
1007,5
1007,15
1008,27
1008,1
1008,0
1008,24
1008,15
1009,0
1009,5
1009,28
1010,17
1010,15
1010,28
1010,23
1011,17
1011,23
1011,14
1012,4
1012,8
1012,14
1012,20
1012,27
1012,26
1012,9
1012,16
1012,28
1013,13
1013,16
1014,13
1014,18
1014,24
1015,2
1015,8
1015,27
1015,12
1016,24
1017,23
1017,4
1017,5
1017,25
1017,24
1017,15
1018,5
1018,16
1018,29
1018,3
1018,8
1018,18
1018,7
1018,15
1018,19
1018,21
1019,24
1019,12
1019,10
1019,0
1019,9
1019,4
1019,6
1019,1
1019,18
1020,10
1020,12
1020,8
1020,18
1020,1
1020,4
1020,9
1020,6
1020,24
1021,13
1021,0
1021,26
1021,27
1021,5
1021,18
1021,24
1022,29
1022,23
1022,19
1022,18
1022,16
1022,21
1022,20
1022,24
1022,12
1023,10
1023,1
1023,16
1023,17
1023,28
1023,14
1023,29
1023,13
1023,25
1023,5
1024,26
1024,29
1025,12
1026,9
1026,0
1026,27
1026,17
1026,19
1026,18
1026,6
1027,12
1027,21
1027,20
1028,9
1028,0
1028,25
1028,20
1028,24
1028,16
1029,12
1029,24
1029,17
1029,18
1029,0
1029,29
1029,22
1029,9
1030,26
1030,10
1030,6
1030,22
1030,25
1030,23
1031,0
1031,21
1031,26
1031,2
1031,28
1031,8
1031,3
1031,10
1031,4
1032,3
1032,17
1032,18
1032,7
1032,29
1032,0
1032,22
1032,16
1033,28
1033,10
1033,11
1033,0
1034,5
1035,15
1035,1
1035,9
1035,7
1035,23
1035,27
1035,0
1036,0
1036,11
1036,18
1036,1
1037,10
1037,14
1037,4
1038,13
1039,8
1039,28
1039,4
1039,10
1039,9
1039,19
1039,25
1039,21
1040,15
1040,7
1040,25
1040,12
1040,11
1040,23
1040,26
1040,17
1041,28
1041,6
1042,10
1042,7
1042,23
1042,3
1042,19
1042,0
1043,2
1043,10
1043,16
1043,20
1043,5
1043,12
1043,18
1043,22
1043,1
1044,6
1044,25
1044,17
1044,26
1045,22
1045,17
1045,5
1045,2
1045,3
1045,12
1046,25
1046,1
1046,14
1046,19
1046,18
1046,11
1047,10
1047,11
1047,4
1047,12
1047,2
1047,18
1047,20
1047,14
1047,27
1047,17
1048,13
1048,18
1048,8
1048,22
1048,15
1048,14
1048,23
1048,6
1049,3
1049,13
1049,29
1049,24
1050,12
1050,28
1050,2
1050,8
1050,26
1050,22
1050,3
1051,14
1051,26
1051,23
1051,6
1052,25
1052,28
1052,15
1052,24
1052,6
1053,28
1053,4
1053,15
1053,25
1053,20
1053,12
1053,14
1053,9
1054,9
1054,23
1054,6
1054,29
1054,10
1054,15
1055,14
1055,18
1055,11
1055,8
1055,28
1055,24
1055,0
1055,23
1055,26
1055,12
1056,11
1056,8
1056,3
1056,2
1056,6
1056,17
1056,18
1056,19
1056,12
1056,21
1057,10
1057,6
1057,15
1057,22
1057,19
1057,11
1057,8
1057,14
1057,29
1057,7
1058,6
1058,10
1058,8
1058,25
1058,0
1059,16
1059,21
1059,23
1059,20
1060,14
1060,1
1060,20
1060,15
1060,25
1060,21
1060,24
1060,9
1061,21
1061,2
1061,25
1061,3
1061,7
1061,4
1061,11
1061,13
1061,18
1061,22
1062,14
1062,28
1062,26
1062,17
1062,9
1062,24
1062,27
1062,11
1063,25
1063,23
1063,10
1063,9
1063,1
1064,2
1064,14
1064,9
1064,18
1064,26
1064,4
1064,7
1064,0
1065,0
1065,28
1065,12
1065,1
1065,10
1065,13
1066,29
1066,25
1066,23
1066,20
1066,15
1066,21
1066,3
1066,10
1066,6
1067,8
1067,14
1067,21
1067,9
1067,19
1067,20
1067,25
1067,4
1068,24
1068,2
1068,28
1069,29
1069,22
1069,2
1069,0
1069,18
1069,13
1069,21
1070,13
1071,10
1072,24
1073,12
1073,23
1074,21
1074,2
1074,6
1075,12
1075,1
1075,4
1075,28
1075,26
1075,6
1075,14
1075,23
1075,11
1076,16
1077,13
1077,17
1077,11
1078,20
1078,23
1079,19
1079,21
1079,0
1079,11
1079,14
1079,16
1079,24
1079,6
1079,28
1079,29
1080,17
1080,3
1081,8
1081,21
1081,1
1081,29
1081,24
1081,18
1081,15
1081,17
1081,10
1081,13
1082,11
1082,1
1082,18
1082,4
1082,9
1082,26
1083,1
1083,11
1083,19
1084,2
1084,23
1084,6
1084,25
1084,26
1084,13
1084,20
1084,18
1084,1
1084,0
1085,8
1086,11
1086,6
1086,18
1086,4
1086,26
1087,9
1087,4
1087,13
1087,19
1087,27
1087,20
1087,21
1087,5
1088,20
1088,1
1088,25
1089,24
1089,17
1089,26
1089,0
1089,12
1089,21
1089,5
1089,19
1089,25
1090,25
1090,9
1090,17
1090,18
1090,6
1090,27
1090,23
1091,6
1091,12
1091,9
1092,24
1092,17
1093,25
1093,7
1093,1
1093,9
1093,26
1093,6
1093,22
1093,14
1093,23
1094,22
1094,13
1094,28
1094,18
1094,20
1094,16
1094,11
1095,22
1095,13
1095,6
1095,0
1095,28
1095,5
1095,17
1095,19
1095,18
1095,16
1096,7
1096,21
1096,18
1096,24
1096,0
1096,11
1096,15
1096,16
1096,27
1097,20
1098,25
1098,0
1098,2
1098,19
1098,3
1099,16
1099,26
1100,2
1100,8
1100,12
1100,3
1100,25
1100,9
1100,10
1100,17
1101,14
1101,3
1101,4
1101,24
1102,11
1102,7
1102,2
1102,3
1103,24
1103,27
1103,7
1103,28
1103,0
1103,19
1103,13
1103,9
1104,24
1104,14
1104,21
1104,0
1104,29
1104,4
1104,20
1104,25
1104,8
1105,16
1105,13
1105,18
1105,6
1105,25
1105,11
1105,22
1106,9
1106,29
1107,6
1107,3
1108,5
1108,27
1109,5
1109,28
1110,22
1110,0
1110,17
1110,29
1110,26
1110,6
1111,13
1111,19
1111,12
1111,11
1111,0
1111,20
1111,24
1111,29
1111,4
1111,17
1112,14
1112,18
1112,15
1112,24
1113,25
1113,22
1113,7
1113,28
1113,11
1113,2
1114,12
1114,24
1114,28
1114,3
1115,5
1115,1
1115,29
1115,4
1115,18
1115,24
1115,17
1115,9
1115,2
1116,11
1116,9
1116,13
1116,27
1116,15
1116,10
1116,28
1116,1
1116,25
1116,22
1117,7
1117,27
1117,6
1117,17
1117,14
1117,25
1117,23
1117,9
1117,26
1118,14
1118,4
1119,14
1119,3
1119,0
1119,8
1120,26
1120,22
1120,16
1120,14
1120,13
1120,7
1121,2
1121,24
1122,13
1122,9
1122,22
1122,12
1122,15
1122,0
1123,7
1123,18
1123,22
1123,23
1124,15
1124,21
1124,1
1124,17
1124,7
1124,6
1124,10
1124,19
1124,16
1124,22
1125,4
1126,20
1126,3
1126,19
1126,24
1127,0
1127,29
1127,15
1128,2
1128,24
1128,20
1128,1
1128,19
1129,10
1129,19
1129,11
1130,19
1130,15
1130,13
1131,5
1132,25
1132,3
1132,16
1132,29
1132,28
1132,8
1132,18
1132,7
1132,22
1132,10
1133,29
1133,5
1134,10
1134,20
1134,13
1134,25
1134,8
1135,10
1135,14
1135,12
1135,23
1135,3
1135,22
1135,15
1135,18
1136,16
1137,18
1137,25
1137,19
1137,2
1137,17
1138,3
1138,14
1139,23
1140,2
1140,17
1140,19
1140,8
1140,15
1141,15
1141,7
1142,5
1142,3
1142,19
1142,24
1142,18
1142,16
1142,27
1142,8
1142,6
1143,14
1143,3
1143,29
1143,5
1143,9
1143,27
1144,7
1144,2
1144,17
1144,21
1144,29
1144,15
1144,19
1145,6
1145,9
1145,26
1146,26
1146,23
1146,22
1146,10
1146,25
1146,5
1146,29
1146,12
1146,17
1147,5
1147,17
1147,15
1147,19
1147,24
1147,4
1147,8
1148,13
1148,11
1148,10
1148,0
1148,27
1148,25
1148,7
1148,4
1149,24
1149,3
1149,29
1150,22
1150,4
1150,17
1150,8
1150,0
1150,7
1150,23
1150,26
1151,28
1151,29
1152,5
1152,13
1152,15
1152,23
1152,22
1152,0
1152,19
1153,13
1153,22
1154,9
1154,20
1155,25
1155,4
1155,9
1155,7
1156,25
1156,5
1156,0
1156,9
1156,17
1157,3
1157,2
1157,15
1157,25
1157,12
1157,1
1158,23
1158,11
1158,15
1158,10
1159,19
1159,14
1159,22
1159,18
1159,2
1159,25
1159,1
1160,8
1160,18
1160,0
1160,14
1161,13
1161,27
1161,20
1162,4
1162,6
1162,27
1162,17
1162,5
1162,2
1162,14
1162,3
1162,19
1163,18
1163,17
1163,29
1163,27
1163,26
1164,17
1164,4
1164,13
1164,2
1164,21
1164,19
1164,14
1164,8
1165,22
1165,17
1165,16
1165,29
1165,1
1165,2
1166,25
1166,28
1166,19
1166,6
1166,23
1166,7
1166,16
1166,10
1166,26
1166,18
1167,3
1167,12
1167,19
1167,14
1167,9
1167,21
1167,10
1167,20
1167,0
1167,1
1168,13
1168,19
1168,14
1168,26
1168,1
1168,24
1168,17
1168,28
1168,8
1169,24
1169,27
1169,10
1169,17
1170,22
1171,28
1171,2
1171,25
1171,26
1171,7
1171,13
1171,21
1172,13
1172,27
1172,11
1172,8
1173,9
1173,15
1173,2
1174,25
1174,27
1174,9
1174,6
1174,14
1174,24
1174,11
1175,12
1175,13
1175,26
1176,10
1176,20
1176,5
1176,6
1176,0
1176,8
1176,18
1176,22
1176,7
1177,6
1177,23
1177,27
1177,28
1178,18
1178,25
1178,29
1178,6
1178,12
1178,2
1178,13
1178,23
1178,22
1179,16
1179,21
1180,15
1180,13
1180,9
1180,18
1180,25
1180,22
1180,7
1181,14
1181,1
1181,2
1181,17
1181,18
1182,17
1183,19
1183,8
1183,18
1184,15
1184,17
1184,28
1184,23
1184,27
1184,0
1184,19
1184,8
1184,4
1184,3
1185,6
1185,26
1185,13
1185,9
1185,14
1185,18
1185,7
1186,14
1186,25
1186,11
1186,16
1186,22
1186,6
1186,15
1186,18
1187,27
1187,0
1187,21
1187,20
1187,19
1187,5
1188,10
1188,18
1188,2
1188,24
1188,20
1188,9
1188,25
1188,5
1188,11
1188,3
1189,0
1189,18
1189,19
1189,6
1189,25
1190,12
1190,18
1190,22
1190,7
1190,8
1190,26
1190,3
1190,25
1190,23
1191,15
1191,24
1191,28
1191,19
1191,25
1192,26
1192,16
1192,0
1192,10
1192,13
1192,28
1192,9
1192,2
1193,16
1193,28
1193,10
1193,8
1193,12
1193,4
1193,6
1194,25
1194,15
1194,11
1195,6
1196,19
1196,22
1196,26
1196,24
1196,1
1196,4
1196,29
1196,10
1196,16
1197,7
1197,4
1197,0
1197,6
1197,21
1197,18
1198,29
1198,4
1198,19
1198,26
1199,29
1199,13
1199,2
1199,14
1199,22
1199,8
1199,19
1200,24
1200,19
1200,3
1200,6
1201,0
1201,7
1201,18
1201,17
1201,13
1202,6
1202,1
1202,0
1202,3
1202,27
1202,26
1202,8
1203,6
1203,0
1203,26
1203,3
1203,20
1204,21
1204,6
1204,10
1204,19
1204,11
1204,17
1204,12
1205,25
1205,12
1205,15
1206,13
1207,8
1207,28
1208,22
1208,19
1208,7
1208,28
1208,25
1208,15
1209,8
1209,26
1209,10
1209,28
1209,23
1209,17
1209,16
1209,25
1210,3
1211,26
1211,17
1211,28
1211,3
1211,4
1212,0
1212,25
1213,25
1213,5
1213,14
1213,29
1214,23
1214,8
1214,26
1214,5
1214,1
1215,27
1215,0
1215,21
1215,26
1215,3
1215,22
1215,10
1215,11
1215,14
1216,24
1216,15
1216,0
1216,3
1216,11
1216,20
1217,18
1217,17
1217,29
1217,25
1217,9
1217,21
1217,28
1217,26
1217,1
1218,17
1218,20
1218,24
1218,11
1219,2
1219,29
1219,28
1219,18
1219,14
1219,0
1220,8
1220,6
1220,27
1220,28
1220,18
1221,8
1221,6
1221,16
1221,26
1221,10
1221,25
1221,1
1221,0
1221,4
1221,14
1222,23
1222,4
1222,1
1222,21
1222,22
1222,6
1223,14
1223,13
1223,6
1224,15
1224,0
1224,14
1224,9
1224,19
1224,11
1224,13
1224,12
1225,27
1225,24
1225,4
1225,6
1226,4
1226,8
1226,27
1226,18
1226,1
1226,16
1226,24
1227,12
1228,23
1228,27
1228,5
1228,3
1228,17
1228,25
1228,2
1228,12
1229,14
1229,7
1229,15
1229,28
1229,1
1229,13
1229,22
1230,27
1230,1
1230,7
1230,0
1230,23
1231,9
1231,3
1231,16
1231,25
1231,13
1231,8
1231,21
1232,17
1232,24
1232,6
1232,25
1232,13
1232,16
1232,1
1233,12
1233,18
1233,5
1233,20
1233,26
1234,27
1234,2
1234,14
1234,21
1234,12
1234,1
1234,25
1235,17
1235,15
1235,21
1235,0
1235,6
1235,19
1235,28
1235,13
1236,22
1236,1
1236,9
1236,28
1236,18
1236,25
1237,5
1238,1
1238,29
1238,25
1238,23
1238,17
1238,12
1238,8
1238,26
1238,24
1238,13
1239,1
1239,5
1239,12
1239,23
1239,25
1239,4
1239,8
1239,21
1239,24
1239,29
1240,0
1240,14
1240,3
1240,27
1240,8
1240,7
1240,25
1240,2
1240,24
1241,7
1241,6
1241,0
1241,8
1241,18
1241,21
1242,8
1242,21
1242,16
1242,3
1242,19
1242,22
1242,17
1242,20
1242,25
1243,1
1243,7
1243,4
1243,2
1243,0
1244,20
1244,11
1244,26
1244,28
1244,13
1244,12
1244,9
1244,18
1244,21
1245,20
1245,5
1245,27
1245,12
1246,27
1246,10
1247,14
1248,25
1248,19
1249,2
1249,6
1249,4
1249,22
1249,10
1249,9
1249,18
1250,14
1250,7
1250,12
1250,2
1250,10
1250,24
1250,28
1251,23
1251,16
1251,7
1251,12
1251,10
1251,8
1251,26
1251,6
1251,14
1252,1
1252,9
1252,24
1252,27
1252,15
1252,0
1253,25
1253,22
1253,21
1253,19
1253,17
1253,8
1254,5
1254,24
1254,1
1254,25
1254,15
1254,27
1254,12
1254,8
1254,23
1254,20
1255,18
1255,11
1255,13
1255,19
1255,21
1255,29
1255,16
1255,26
1256,24
1256,7
1256,5
1256,3
1256,11
1256,20
1256,18
1256,14
1257,4
1257,9
1257,19
1257,18
1257,7
1257,6
1258,28
1258,20
1258,29
1258,27
1258,4
1258,14
1258,22
1258,18
1258,1
1258,10
1259,22
1259,9
1259,29
1259,5
1259,10
1259,4
1260,19
1260,11
1260,9
1261,3
1261,9
1261,19
1261,21
1261,14
1261,17
1261,16
1261,0
1261,4
1261,24
1262,14
1263,17
1263,4
1263,3
1264,28
1265,28
1265,4
1265,16
1265,18
1265,14
1265,21
1265,10
1265,12
1266,18
1266,20
1266,4
1266,17
1266,29
1266,25
1266,10
1266,13
1266,16
1266,8
1267,18
1268,10
1268,29
1268,18
1268,3
1268,11
1268,17
1268,25
1269,12
1269,18
1269,8
1269,15
1269,25
1269,10
1269,19
1269,26
1269,17
1270,12
1270,9
1270,29
1270,22
1271,18
1271,3
1271,26
1271,17
1272,2
1272,14
1272,11
1272,24
1272,16
1272,15
1272,29
1273,13
1273,29
1273,8
1273,14
1273,18
1273,15
1274,20
1274,5
1274,26
1274,12
1274,14
1274,1
1274,11
1275,28
1275,12
1276,29
1276,8
1276,19
1276,3
1276,11
1276,28
1276,12
1277,23
1277,21
1277,28
1278,19
1278,2
1278,18
1278,13
1278,12
1278,1
1278,25
1279,2
1280,5
1280,26
1281,23
1281,21
1281,19
1281,26
1281,29
1281,28
1281,8
1281,12
1281,16
1282,0
1282,25
1282,16
1282,11
1282,17
1282,4
1282,22
1282,20
1283,0
1283,2
1284,7
1284,22
1284,29
1284,19
1284,28
1284,4
1284,15
1284,23
1284,16
1285,29
1285,28
1285,7
1286,4
1286,25
1286,9
1286,24
1286,14
1286,0
1286,27
1286,17
1286,26
1286,10
1287,17
1287,11
1287,8
1287,1
1287,14
1287,15
1287,0
1287,10
1287,2
1287,26
1288,19
1288,10
1288,16
1288,2
1288,3
1288,4
1288,17
1289,12
1289,15
1289,3
1289,22
1289,26
1290,2
1290,16
1290,6
1290,5
1290,7
1290,12
1291,11
1291,14
1291,0
1291,22
1291,7
1292,28
1292,17
1292,26
1292,2
1292,25
1292,9
1292,10
1292,16
1293,3
1293,28
1293,17
1293,2
1293,21
1293,9
1293,0
1294,3
1294,19
1294,18
1295,15
1295,22
1295,5
1295,12
1295,20
1295,28
1295,18
1295,24
1295,27
1296,15
1296,12
1296,22
1296,4
1296,5
1296,20
1296,25
1296,19
1297,14
1298,20
1298,18
1298,11
1298,23
1298,14
1298,2
1298,9
1299,12
1299,15
1299,9
1299,3
1300,16
1300,4
1300,27
1301,22
1301,29
1301,0
1301,19
1301,18
1302,6
1302,15
1302,13
1302,17
1302,5
1302,14
1302,10
1302,3
1303,2
1303,12
1303,3
1303,26
1303,9
1304,25
1304,13
1304,11
1304,15
1304,1
1305,21
1305,27
1305,26
1305,18
1305,10
1305,19
1305,16
1305,23
1305,17
1306,21
1306,7
1306,2
1307,8
1307,26
1307,19
1308,10
1308,1
1308,27
1308,13
1308,0
1308,5
1308,28
1309,1
1309,5
1309,19
1309,26
1309,25
1309,22
1309,15
1310,17
1310,4
1310,25
1310,22
1310,9
1311,19
1311,26
1311,6
1311,17
1311,22
1312,6
1312,14
1312,29
1313,24
1313,8
1313,17
1313,6
1313,5
1313,3
1313,15
1313,23
1313,27
1313,4
1314,27
1314,23
1314,24
1314,3
1314,29
1315,10
1315,23
1315,28
1315,15
1315,29
1315,18
1315,26
1315,20
1315,22
1316,12
1316,28
1317,6
1317,28
1318,26
1318,16
1318,21
1318,12
1318,25
1318,8
1318,0
1318,3
1318,2
1318,19
1319,17
1319,16
1319,18
1319,19
1319,1
1320,1
1320,10
1320,29
1320,28
1320,7
1320,18
1320,4
1320,6
1321,28
1322,19
1322,27
1322,29
1322,13
1322,8
1322,5
1323,21
1323,2
1323,6
1324,12
1325,13
1326,29
1326,27
1327,27
1327,26
1327,16
1327,11
1327,10
1327,18
1327,24
1327,2
1327,3
1328,26
1328,23
1328,2
1328,15
1328,22
1328,8
1328,18
1328,5
1329,26
1329,16
1329,12
1329,23
1330,20
1330,17
1330,9
1330,22
1330,27
1330,14
1331,9
1331,11
1332,9
1332,16
1332,20
1332,29
1332,6
1332,1
1332,28
1332,27
1332,19
1333,14
1333,1
1333,29
1334,22
1334,6
1334,23
1334,2
1334,9
1334,11
1335,25
1335,27
1335,28
1335,18
1335,15
1335,7
1335,2
1335,3
1336,5
1336,1
1336,10
1336,21
1336,13
1336,24
1337,27
1337,11
1337,3
1337,15
1338,10
1338,14
1338,25
1338,21
1338,22
1338,5
1338,11
1338,1
1338,18
1338,7
1339,28
1339,11
1339,20
1339,22
1339,2
1340,24
1340,14
1340,2
1340,6
1341,17
1342,22
1342,25
1342,28
1342,7
1342,21
1342,14
1342,23
1343,8
1343,12
1344,23
1344,24
1345,19
1345,6
1345,21
1345,28
1345,26
1345,4
1345,17
1345,1
1345,10
1346,29
1346,21
1346,3
1346,13
1347,20
1347,1
1347,8
1347,5
1347,18
1347,13
1347,6
1347,19
1348,13
1348,17
1348,24
1348,18
1348,10
1348,8
1348,14
1348,29
1349,16
1349,14
1349,1
1349,22
1349,29
1349,10
1349,25
1349,12
1350,4
1351,1
1351,13
1351,25
1351,6
1352,14
1352,18
1352,0
1352,10
1353,29
1353,12
1353,22
1354,28
1355,5
1355,19
1355,3
1356,16
1356,11
1356,28
1357,16
1357,3
1357,7
1357,28
1357,14
1357,20
1357,0
1358,15
1359,5
1359,4
1359,15
1359,18
1359,13
1359,11
1359,0
1359,22
1360,2
1360,10
1360,11
1360,12
1360,21
1361,29
1361,18
1361,0
1361,26
1362,27
1362,29
1362,23
1362,2
1362,21
1362,25
1363,7
1363,11
1363,2
1363,22
1363,15
1363,27
1363,16
1363,21
1364,15
1365,19
1366,6
1366,7
1366,21
1366,15
1366,24
1366,16
1366,5
1366,9
1366,11
1366,12
1367,3
1367,22
1367,14
1367,18
1368,26
1368,1
1368,10
1369,6
1369,20
1370,15
1370,28
1370,22
1370,26
1370,18
1370,8
1370,11
1371,19
1371,1
1371,7
1371,18
1371,11
1371,6
1371,17
1371,25
1372,9
1372,13
1372,4
1372,2
1372,25
1372,17
1372,18
1373,5
1373,9
1373,23
1373,10
1373,0
1373,1
1373,24
1373,27
1373,15
1373,14
1374,25
1374,17
1374,13
1374,2
1374,3
1375,13
1375,27
1375,0
1375,16
1375,25
1375,10
1375,21
1375,9
1375,8
1375,20
1376,18
1376,3
1377,14
1377,21
1378,1
1378,26
1378,9
1378,15
1378,23
1378,17
1378,6
1378,4
1378,10
1379,9
1379,28
1379,16
1379,11
1379,19
1379,18
1379,21
1380,3
1380,1
1381,27
1381,22
1381,28
1381,9
1382,8
1382,21
1382,0
1382,11
1382,20
1382,18
1383,8
1383,23
1383,7
1383,13
1384,29
1384,20
1384,27
1385,0
1385,4
1385,8
1385,5
1385,10
1385,16
1385,18
1386,16
1386,3
1386,24
1386,1
1387,10
1387,12
1388,0
1388,5
1388,2
1388,23
1388,25
1388,24
1388,14
1388,11
1388,15
1389,17
1389,18
1389,29
1389,28
1389,10
1389,0
1389,14
1389,23
1389,4
1390,7
1390,5
1390,13
1391,26
1391,24
1392,14
1392,24
1392,15
1392,8
1392,27
1392,19
1392,11
1392,17
1392,13
1393,0
1393,11
1393,14
1393,17
1394,1
1394,2
1394,17
1394,26
1394,23
1394,25
1394,27
1395,15
1395,25
1395,4
1396,8
1396,7
1396,27
1396,12
1396,20
1396,4
1397,20
1397,14
1397,22
1397,13
1397,16
1397,1
1397,15
1397,29
1397,24
1398,22
1398,11
1398,14
1398,18
1398,13
1398,1
1398,20
1398,0
1399,22
1399,12
1399,0
1399,27
1399,10
1399,14
1399,4
1399,11
1399,7
1399,23
1400,12
1400,15
1400,5
1400,24
1400,22
1400,9
1401,3
1401,19
1401,8
1401,15
1401,7
1402,27
1402,28
1402,17
1402,22
1402,9
1402,19
1402,12
1403,0
1403,17
1403,6
1403,5
1404,27
1404,24
1404,25
1404,11
1404,1
1404,17
1404,5
1404,28
1404,10
1405,0
1405,18
1405,3
1405,10
1405,7
1405,28
1405,21
1406,1
1406,26
1406,8
1406,5
1406,17
1406,21
1406,4
1407,12
1407,10
1407,26
1407,2
1408,20
1408,27
1408,13
1408,5
1408,15
1408,17
1408,16
1408,4
1409,11
1409,14
1409,8
1409,26
1410,12
1410,11
1410,4
1410,17
1410,27
1411,2
1411,27
1411,26
1411,17
1411,12
1412,2
1412,1
1412,20
1412,24
1413,17
1413,9
1413,8
1413,11
1413,28
1413,0
1414,15
1414,28
1415,7
1415,26
1415,5
1415,27
1415,9
1416,8
1416,27
1416,2
1416,20
1416,9
1416,0
1416,19
1416,7
1417,18
1417,8
1417,24
1417,15
1417,28
1418,12
1418,8
1419,5
1419,10
1419,24
1420,8
1420,24
1420,3
1420,21
1420,5
1420,0
1420,25
1420,9
1420,23
1420,19
1421,26
1421,27
1421,22
1421,14
1421,8
1421,5
1421,24
1421,23
1422,14
1422,4
1422,11
1422,2
1422,17
1422,1
1423,5
1423,1
1423,19
1423,4
1424,10
1424,15
1424,9
1424,29
1424,11
1424,16
1424,7
1424,21
1425,17
1425,1
1425,23
1425,26
1425,13
1425,7
1425,21
1426,2
1426,13
1426,7
1426,0
1426,3
1426,28
1426,9
1426,14
1426,4
1426,21
1427,2
1427,26
1427,20
1427,23
1428,14
1428,24
1428,7
1428,3
1428,28
1428,21
1428,16
1428,8
1429,8
1429,28
1429,13
1429,5
1429,15
1429,27
1430,29
1431,8
1431,7
1431,16
1431,4
1431,11
1431,14
1432,4
1432,22
1432,29
1432,11
1432,3
1432,27
1433,16
1433,22
1433,29
1434,9
1434,16
1435,10
1435,27
1436,10
1436,17
1436,26
1436,3
1436,8
1436,4
1436,21
1436,29
1437,10
1437,21
1437,20
1437,18
1437,28
1437,15
1438,29
1438,17
1439,13
1440,21
1441,22
1442,26
1442,23
1442,22
1442,1
1442,25
1442,11
1442,0
1442,6
1442,12
1442,10
1443,27
1443,17
1443,5
1443,21
1443,22
1443,4
1443,8
1443,3
1443,26
1443,10
1444,21
1444,0
1444,26
1444,8
1444,22
1444,3
1445,11
1445,14
1445,23
1445,16
1445,1
1445,26
1445,22
1445,20
1446,9
1446,26
1447,19
1447,2
1447,15
1447,14
1447,5
1447,25
1447,22
1447,1
1447,11
1447,13
1448,23
1448,6
1448,15
1449,21
1449,19
1449,23
1449,12
1450,28
1450,23
1450,18
1450,0
1450,13
1450,19
1450,4
1450,9
1450,27
1451,24
1451,5
1451,16
1451,4
1451,2
1451,11
1451,15
1451,29
1451,28
1451,3
1452,5
1452,27
1452,3
1452,9
1452,6
1452,18
1452,25
1452,19
1452,0
1453,9
1453,21
1453,11
1453,16
1453,26
1453,6
1453,28
1453,3
1453,17
1453,19
1454,7
1455,13
1455,28
1455,14
1455,16
1455,17
1455,10
1455,18
1456,25
1457,11
1457,27
1457,16
1458,27
1458,26
1458,21
1458,29
1458,12
1458,13
1458,17
1459,16
1459,25
1459,18
1459,12
1459,11
1460,4
1460,9
1460,6
1460,29
1461,3
1461,15
1461,24
1461,12
1461,27
1461,10
1461,28
1462,0
1462,27
1462,9
1462,29
1462,25
1463,5
1463,20
1463,22
1463,25
1463,1
1463,23
1464,24
1464,7
1464,3
1464,6
1464,12
1464,8
1464,18
1464,21
1465,0
1465,3
1465,29
1465,19
1465,9
1466,28
1466,13
1466,26
1466,2
1466,12
1466,16
1466,11
1466,18
1466,8
1466,21
1467,23
1467,8
1467,17
1467,10
1467,4
1468,25
1468,23
1468,12
1468,14
1468,6
1468,2
1468,15
1468,10
1469,5
1470,4
1470,29
1471,22
1471,23
1472,17
1472,10
1472,12
1472,18
1472,3
1472,5
1472,0
1472,11
1472,23
1473,17
1473,18
1473,26
1473,16
1474,19
1474,10
1474,25
1474,7
1474,21
1474,17
1475,16
1475,14
1475,13
1475,1
1475,3
1475,27
1476,19
1476,29
1476,1
1476,18
1476,2
1476,24
1476,26
1476,6
1477,23
1477,26
1477,9
1477,29
1477,18
1478,14
1478,13
1478,28
1478,2
1478,17
1478,9
1479,20
1479,3
1479,5
1479,8
1480,2
1480,22
1480,15
1480,8
1480,10
1480,5
1481,19
1481,15
1481,28
1481,29
1481,13
1481,16
1481,14
1481,11
1481,9
1482,10
1482,25
1482,28
1483,22
1484,1
1484,17
1484,15
1485,8
1485,26
1485,7
1485,29
1485,9
1486,11
1486,2
1486,5
1486,0
1486,1
1486,9
1486,18
1486,28
1486,14
1487,27
1487,12
1487,17
1487,20
1487,8
1487,5
1487,0
1488,29
1488,28
1488,5
1488,7
1488,23
1489,8
1489,9
1489,6
1489,11
1489,15
1489,1
1489,21
1490,4
1490,17
1490,11
1490,9
1490,20
1490,26
1490,27
1490,6
1490,22
1491,12
1491,4
1491,26
1492,24
1492,1
1492,20
1492,13
1492,12
1492,7
1492,0
1492,8
1492,6
1493,11
1493,14
1493,9
1493,5
1493,10
1493,18
1493,3
1493,13
1493,29
1494,22
1494,11
1494,13
1494,14
1494,2
1494,3
1495,10
1495,19
1495,0
1495,22
1495,23
1495,1
1495,24
1495,29
1495,14
1496,11
1497,2
1497,23
1497,17
1497,13
1497,6
1498,6
1498,16
1498,4
1498,29
1498,20
1498,0
1498,13
1498,23
1498,27
1498,8
1499,7
1500,29
1500,12
1500,7
1501,5
1501,11
1501,22
1502,22
1502,27
1502,9
1502,24
1502,29
1502,5
1502,21
1502,11
1503,4
1503,12
1503,8
1503,1
1504,8
1504,18
1504,20
1504,27
1504,5
1504,22
1504,1
1504,15
1504,0
1504,2
1505,2
1505,23
1505,12
1505,6
1505,27
1505,7
1506,1
1506,6
1506,28
1506,16
1506,5
1506,21
1506,11
1506,0
1506,7
1506,20
1507,0
1507,11
1507,20
1507,19
1507,21
1507,29
1507,8
1507,1
1507,16
1508,23
1509,10
1509,14
1509,3
1509,23
1509,8
1509,22
1509,27
1509,9
1509,7
1510,18
1510,22
1510,24
1510,21
1510,25
1511,23
1511,0
1511,16
1511,2
1511,6
1511,29
1512,27
1512,15
1513,22
1513,15
1513,5
1513,17
1513,4
1513,1
1513,20
1513,19
1513,23
1513,25
1514,5
1515,16
1516,6
1517,8
1517,6
1517,17
1517,10
1518,25
1518,28
1519,0
1519,2
1519,6
1519,13
1520,4
1520,3
1520,27
1520,17
1520,15
1520,26
1520,16
1521,28
1521,2
1521,14
1522,23
1522,15
1522,25
1523,12
1523,19
1523,22
1523,27
1524,7
1524,29
1524,4
1524,16
1524,15
1524,9
1524,3
1524,1
1524,19
1524,17
1525,18
1525,11
1525,7
1525,12
1525,14
1525,6
1525,28
1525,21
1525,17
1526,29
1526,13
1526,26
1526,10
1526,28
1526,22
1527,13
1527,29
1527,9
1527,28
1527,17
1528,11
1528,7
1529,23
1529,5
1529,6
1529,25
1529,8
1529,26
1529,16
1529,14
1529,19
1530,13
1530,0
1531,13
1531,10
1531,14
1531,11
1531,26
1531,29
1531,7
1531,9
1531,1
1531,24
1532,2
1532,5
1532,3
1532,8
1532,28
1532,4
1532,25
1532,18
1532,24
1532,26
1533,21
1533,13
1534,13
1534,4
1535,15
1535,1
1536,29
1536,26
1536,13
1536,21
1536,27
1536,10
1537,24
1537,29
1537,13
1537,8
1537,20
1538,25
1538,6
1538,23
1538,9
1539,17
1540,1
1540,3
1540,28
1540,29
1540,24
1540,17
1541,0
1541,19
1541,16
1541,13
1541,9
1541,6
1541,7
1541,11
1542,18
1542,8
1542,21
1542,11
1542,0
1542,4
1542,22
1542,5
1543,5
1543,9
1543,12
1543,19
1543,23
1543,1
1543,8
1543,28
1543,15
1543,26
1544,5
1544,25
1544,20
1544,21
1545,7
1546,2
1546,18
1546,25
1546,5
1547,28
1547,17
1548,4
1548,12
1548,22
1548,5
1548,0
1548,8
1548,16
1549,21
1549,17
1550,5
1550,13
1550,27
1550,20
1551,13
1552,7
1553,19
1553,9
1554,25
1554,19
1554,28
1554,26
1554,3
1554,2
1554,4
1554,24
1554,15
1554,18
1555,10
1555,16
1556,29
1556,14
1556,1
1556,7
1556,21
1556,16
1557,17
1557,5
1558,3
1558,29
1558,13
1559,6
1559,12
1559,11
1559,14
1559,18
1559,26
1559,9
1559,13
1559,1
1560,16
1560,19
1560,10
1561,27
1562,11
1562,1
1562,16
1562,25
1562,8
1562,6
1562,9
1562,27
1563,1
1563,9
1563,25
1564,27
1564,11
1564,4
1565,14
1565,11
1565,18
1565,15
1565,4
1566,5
1566,14
1566,8
1566,27
1566,16
1566,13
1566,7
1567,28
1567,1
1567,0
1567,24
1567,13
1567,2
1567,17
1567,10
1568,9
1569,2
1570,18
1570,21
1571,20
1571,23
1571,29
1571,8
1571,1
1571,26
1571,22
1571,17
1572,14
1572,13
1572,8
1572,16
1572,1
1572,22
1572,7
1572,29
1573,6
1573,4
1573,20
1573,23
1573,26
1574,13
1574,0
1574,8
1574,22
1575,21
1575,17
1575,26
1576,18
1576,4
1576,1
1576,25
1576,28
1576,7
1576,19
1576,6
1576,10
1577,11
1577,1
1577,14
1577,3
1577,27
1577,26
1578,23
1578,3
1578,5
1578,17
1578,29
1578,16
1578,10
1578,19
1578,8
1578,9
1579,21
1579,28
1580,4
1581,4
1581,0
1581,1
1581,2
1581,19
1581,25
1582,1
1582,11
1582,9
1582,17
1582,0
1583,3
1583,8
1583,9
1583,29
1583,12
1583,18
1583,16
1584,18
1585,15
1585,14
1585,7
1585,11
1586,2
1586,4
1587,15
1587,6
1587,5
1587,0
1587,23
1587,11
1587,21
1588,14
1589,1
1589,4
1589,14
1589,25
1589,13
1589,12
1589,18
1589,17
1589,6
1589,16
1590,23
1590,21
1590,1
1591,2
1591,28
1591,6
1591,11
1591,3
1591,15
1591,14
1592,7
1592,16
1592,22
1592,5
1592,17
1592,28
1592,27
1592,25
1592,18
1593,4
1593,12
1593,2
1593,20
1593,21
1593,14
1593,11
1594,13
1594,10
1594,7
1594,12
1594,23
1594,25
1594,27
1595,28
1596,7
1596,10
1596,16
1596,21
1596,13
1597,11
1597,13
1597,17
1597,14
1598,11
1598,28
1598,5
1598,20
1598,14
1598,4
1598,22
1599,12
1599,3
1599,6
1599,11
1600,16
1600,20
1600,7
1600,19
1600,2
1600,11
1600,14
1600,0
1600,4
1600,27
1601,1
1601,29
1601,24
1602,15
1602,16
1602,5
1602,20
1602,21
1602,17
1602,22
1603,4
1603,16
1603,29
1603,28
1603,2
1603,3
1603,12
1603,21
1603,26
1604,5
1604,16
1605,9
1605,8
1605,18
1605,14
1605,22
1605,27
1605,20
1605,19
1605,1
1606,1
1606,5
1606,14
1606,12
1606,6
1606,21
1606,4
1606,20
1606,9
1606,16
1607,21
1607,10
1607,11
1607,4
1607,27
1607,6
1607,28
1607,16
1607,12
1608,7
1608,18
1608,19
1608,3
1608,22
1608,0
1608,23
1608,11
1609,6
1610,5
1610,29
1610,19
1611,14
1611,4
1611,1
1611,15
1611,28
1612,29
1612,17
1612,23
1612,2
1612,13
1612,22
1612,20
1612,7
1612,11
1612,26
1613,5
1614,2
1614,21
1614,1
1614,5
1614,0
1614,24
1614,14
1614,27
1614,3
1614,17
1615,11
1615,26
1615,10
1615,16
1615,23
1615,9
1615,5
1615,14
1615,0
1615,12
1616,19
1617,0
1617,14
1617,7
1617,11
1617,4
1617,21
1617,16
1617,22
1617,18
1617,6
1618,22
1618,4
1618,17
1618,25
1618,8
1618,3
1619,15
1619,28
1619,3
1619,26
1619,8
1619,9
1619,12
1620,22
1620,8
1620,9
1620,16
1620,0
1620,24
1620,11
1620,14
1620,25
1621,2
1621,20
1621,28
1621,24
1622,3
1623,4
1623,16
1623,23
1623,12
1624,22
1624,18
1624,20
1624,24
1624,25
1624,21
1624,23
1624,14
1624,6
1625,11
1625,26
1625,2
1625,17
1625,19
1625,27
1625,22
1626,19
1627,13
1627,11
1627,2
1627,6
1627,29
1628,29
1628,10
1628,2
1628,27
1628,26
1628,8
1628,25
1628,13
1628,5
1628,15
1629,11
1629,17
1629,20
1629,13
1629,10
1630,18
1630,22
1630,17
1630,8
1630,26
1631,14
1631,23
1631,10
1631,26
1631,21
1631,1
1631,8
1632,2
1632,12
1632,18
1632,4
1632,1
1632,21
1632,15
1632,9
1632,24
1632,7
1633,12
1633,22
1633,0
1633,28
1633,8
1634,16
1635,12
1635,23
1635,10
1635,14
1635,15
1635,6
1635,13
1635,9
1636,9
1636,11
1636,5
1636,13
1636,20
1637,12
1637,17
1637,29
1638,14
1638,26
1638,23
1638,24
1638,7
1638,9
1639,3
1639,6
1639,14
1639,26
1639,27
1640,7
1640,2
1640,20
1640,26
1640,21
1640,10
1641,8
1641,29
1641,11
1641,0
1642,0
1642,29
1642,7
1642,12
1642,28
1643,1
1644,4
1644,18
1644,13
1645,26
1645,4
1646,16
1646,12
1646,26
1646,29
1646,21
1647,29
1647,2
1647,1
1647,28
1647,3
1647,13
1647,18
1647,17
1647,24
1647,21
1648,20
1648,0
1648,13
1649,11
1649,15
1649,28
1650,7
1650,3
1650,2
1650,13
1650,23
1650,0
1650,20
1650,24
1650,29
1650,11
1651,28
1651,19
1651,1
1651,26
1651,14
1651,22
1652,29
1652,17
1652,15
1652,20
1653,28
1653,23
1654,8
1654,9
1654,20
1654,27
1655,6
1655,20
1655,16
1655,28
1655,25
1655,18
1656,7
1656,24
1656,29
1656,12
1657,12
1657,25
1657,19
1657,20
1657,14
1657,2
1658,22
1659,12
1659,10
1659,20
1659,1
1659,8
1659,18
1659,11
1659,25
1659,24
1660,24
1660,26
1660,25
1660,12
1660,11
1660,23
1661,3
1661,21
1661,9
1661,27
1661,0
1662,25
1662,9
1662,2
1662,6
1662,8
1662,16
1662,18
1662,21
1663,2
1663,16
1663,19
1663,4
1663,18
1663,8
1664,24
1664,10
1664,12
1664,29
1664,1
1664,5
1664,15
1664,11
1664,6
1665,7
1665,18
1665,17
1665,19
1665,20
1665,2
1665,8
1665,10
1665,24
1666,28
1666,24
1666,14
1666,22
1666,10
1667,29
1667,14
1667,2
1667,23
1667,25
1667,26
1667,17
1667,24
1667,15
1667,19
1668,29
1669,27
1669,21
1669,29
1669,15
1670,16
1671,29
1671,28
1671,17
1671,14
1671,9
1671,16
1671,11
1671,20
1672,19
1672,28
1672,6
1672,3
1672,15
1672,14
1672,21
1672,11
1672,1
1673,18
1674,5
1674,2
1674,27
1674,11
1674,13
1675,6
1675,13
1675,5
1675,22
1675,25
1675,21
1676,15
1676,0
1676,27
1676,16
1676,5
1677,11
1677,27
1677,6
1677,13
1677,21
1677,19
1677,18
1677,0
1677,28
1677,16
1678,28
1678,23
1678,26
1678,7
1678,2
1679,25
1680,14
1680,12
1680,18
1680,11
1680,7
1681,2
1682,14
1682,7
1682,20
1682,17
1682,12
1682,29
1682,4
1682,13
1682,24
1682,5
1683,20
1683,16
1683,4
1683,28
1683,14
1684,5
1684,18
1684,15
1684,11
1684,0
1684,25
1685,10
1685,27
1686,3
1686,7
1686,27
1687,27
1688,20
1688,25
1688,14
1688,7
1688,18
1688,24
1689,20
1689,24
1689,25
1689,7
1690,5
1690,26
1690,0
1690,17
1690,14
1690,19
1691,9
1691,2
1691,28
1692,9
1692,13
1692,22
1692,19
1692,25
1692,0
1692,2
1692,16
1692,14
1692,5
1693,24
1693,6
1693,28
1693,23
1693,5
1693,26
1693,8
1694,22
1694,2
1694,24
1694,16
1694,8
1695,1
1695,11
1695,21
1695,14
1695,8
1695,5
1695,17
1695,4
1695,27
1696,19
1696,27
1696,4
1696,2
1696,18
1696,5
1696,28
1697,26
1697,20
1697,8
1698,17
1698,12
1699,29
1699,15
1699,8
1699,10
1700,27
1701,1
1701,3
1701,2
1701,23
1701,12
1701,17
1701,0
1701,6
1702,5
1702,21
1702,27
1703,29
1703,18
1703,3
1703,25
1703,8
1703,0
1703,26
1704,19
1704,21
1704,28
1704,4
1704,8
1705,28
1705,23
1705,10
1705,27
1705,11
1705,21
1705,14
1706,14
1706,29
1706,22
1707,11
1708,14
1708,19
1708,12
1709,24
1709,8
1709,19
1710,2
1710,16
1711,26
1712,0
1712,18
1712,8
1712,23
1712,14
1712,10
1712,7
1712,15
1712,3
1712,21
1713,2
1713,3
1714,3
1714,8
1714,18
1714,2
1714,27
1715,16
1715,9
1715,22
1715,3
1716,8
1716,9
1717,8
1717,1
1717,11
1717,17
1717,18
1717,3
1717,5
1717,6
1717,12
1717,27
1718,4
1718,17
1718,14
1718,24
1718,18
1718,6
1718,20
1718,8
1719,29
1719,27
1719,7
1720,17
1720,13
1720,29
1720,27
1720,21
1720,3
1720,15
1721,8
1721,23
1721,26
1721,6
1721,22
1721,24
1721,3
1721,19
1721,17
1721,15
1722,7
1722,13
1722,25
1723,28
1723,17
1723,8
1723,22
1723,15
1723,23
1724,21
1724,1
1724,13
1724,24
1724,5
1724,17
1724,25
1724,6
1724,29
1725,26
1725,16
1725,25
1725,12
1726,21
1726,1
1726,22
1726,8
1726,3
1726,6
1726,19
1726,13
1726,27
1727,24
1727,1
1727,6
1728,23
1728,13
1728,27
1728,21
1728,3
1729,3
1729,12
1729,24
1729,29
1729,8
1730,27
1730,2
1730,8
1730,0
1730,12
1731,2
1731,25
1732,10
1732,17
1732,16
1732,1
1732,21
1732,24
1733,24
1733,21
1733,1
1733,19
1733,12
1733,29
1733,14
1733,27
1734,8
1734,11
1734,10
1734,15
1734,22
1734,13
1735,19
1735,13
1736,10
1736,9
1736,18
1736,26
1736,3
1736,8
1737,4
1737,25
1738,27
1738,2
1738,26
1738,1
1738,11
1738,9
1738,22
1738,0
1738,16
1738,10
1739,0
1739,26
1739,18
1739,27
1739,11
1739,15
1739,6
1739,24
1740,1
1741,10
1741,19
1741,20
1741,2
1742,10
1742,21
1742,23
1742,26
1743,5
1743,14
1743,25
1743,19
1744,20
1744,21
1744,28
1744,3
1744,22
1744,17
1744,14
1744,11
1744,26
1744,5
1745,28
1745,24
1745,12
1745,26
1745,17
1745,21
1745,27
1745,15
1746,13
1746,25
1746,22
1747,27
1747,6
1747,1
1747,20
1748,4
1748,3
1748,22
1748,1
1749,14
1749,19
1749,28
1749,21
1749,15
1749,22
1750,0
1750,5
1750,14
1750,11
1750,22
1750,23
1750,8
1750,13
1750,26
1750,1
1751,16
1751,24
1751,0
1751,27
1751,18
1752,28
1753,23
1753,6
1753,11
1753,1
1753,22
1754,2
1754,16
1754,28
1754,25
1754,24
1755,17
1755,24
1755,18
1755,11
1756,4
1756,14
1756,22
1756,8
1756,7
1756,2
1756,1
1756,13
1756,15
1757,20
1758,14
1758,23
1758,6
1758,27
1758,8
1758,2
1758,24
1758,21
1758,5
1759,14
1759,28
1759,15
1759,0
1759,21
1759,2
1759,9
1759,19
1759,11
1759,13
1760,10
1760,25
1760,15
1761,27
1761,17
1761,12
1762,5
1763,21
1763,12
1763,13
1763,24
1763,11
1763,27
1764,26
1764,13
1764,6
1764,27
1764,5
1765,18
1765,28
1765,20
1766,24
1766,5
1766,4
1766,12
1766,13
1766,23
1766,2
1766,22
1767,8
1767,24
1767,6
1767,3
1767,4
1768,0
1768,8
1768,24
1768,21
1768,28
1768,19
1769,10
1769,11
1769,25
1769,28
1769,13
1769,21
1769,27
1769,12
1769,22
1770,9
1770,0
1770,6
1770,27
1770,10
1770,19
1770,11
1770,15
1771,18
1771,2
1771,1
1772,27
1772,12
1772,21
1772,8
1772,4
1772,9
1772,29
1772,24
1772,20
1773,13
1773,25
1773,9
1773,6
1774,18
1774,13
1774,14
1774,15
1774,1
1774,5
1774,2
1775,25
1775,2
1775,6
1776,16
1776,14
1776,27
1776,24
1776,15
1776,17
1776,25
1776,3
1776,19
1777,16
1778,22
1778,10
1778,17
1778,21
1778,23
1778,28
1778,7
1778,11
1779,14
1779,24
1779,6
1780,27
1780,3
1780,0
1780,26
1780,13
1780,29
1780,22
1780,15
1781,20
1781,0
1782,19
1782,26
1782,13
1783,4
1783,28
1783,20
1783,17
1783,13
1784,8
1784,14
1784,9
1784,18
1784,1
1784,0
1784,23
1784,12
1784,19
1784,10
1785,15
1785,25
1785,17
1785,20
1785,29
1785,1
1785,14
1786,20
1786,14
1786,17
1786,27
1786,28
1786,9
1786,26
1787,16
1787,3
1787,24
1787,22
1788,21
1788,8
1788,12
1788,10
1788,15
1788,19
1788,3
1788,13
1789,15
1789,16
1789,24
1789,29
1790,10
1790,20
1790,19
1790,0
1790,1
1790,28
1790,25
1790,17
1790,13
1790,11
1791,10
1791,25
1791,15
1791,12
1792,22
1792,26
1792,6
1792,2
1792,25
1793,0
1793,29
1793,27
1793,26
1793,21
1793,19
1793,4
1793,5
1794,21
1795,25
1795,13
1796,22
1797,17
1797,15
1797,7
1797,0
1798,5
1798,16
1798,21
1798,23
1798,3
1798,12
1798,29
1798,18
1798,6
1798,27
1799,15
1799,0
1799,14
1799,28
1799,23
1799,5
1800,11
1800,7
1800,1
1800,4
1800,22
1800,16
1800,9
1800,29
1801,21
1801,1
1801,12
1801,20
1802,28
1802,8
1802,0
1802,17
1802,27
1802,13
1802,3
1802,29
1803,4
1803,21
1803,25
1803,27
1803,18
1803,22
1803,7
1803,3
1803,9
1804,2
1804,19
1804,9
1804,21
1804,13
1804,3
1804,7
1804,12
1805,1
1805,2
1805,24
1805,15
1805,10
1806,24
1806,16
1807,6
1807,5
1807,3
1807,13
1807,26
1807,15
1807,22
1807,17
1807,16
1807,28
1808,20
1809,23
1809,10
1809,7
1809,4
1810,11
1810,26
1810,23
1810,0
1810,14
1810,9
1810,17
1810,6
1810,4
1810,8
1811,21
1811,12
1811,16
1811,5
1811,7
1811,23
1811,1
1812,7
1812,13
1812,11
1812,17
1812,14
1812,29
1812,20
1813,3
1813,12
1813,10
1813,17
1814,18
1814,2
1815,12
1815,7
1815,6
1815,4
1815,17
1815,24
1815,25
1816,0
1816,5
1816,1
1816,24
1817,10
1818,16
1818,20
1818,7
1819,20
1819,6
1819,2
1819,9
1819,0
1819,24
1819,3
1819,18
1819,10
1819,5
1820,4
1820,21
1820,23
1821,12
1821,16
1821,14
1821,22
1821,0
1821,21
1821,11
1821,7
1821,8
1822,9
1822,13
1822,5
1822,22
1822,15
1822,18
1822,17
1822,2
1823,8
1823,7
1823,14
1824,23
1824,19
1824,26
1824,9
1824,12
1824,7
1824,2
1824,17
1824,20
1824,14
1825,12
1825,25
1825,7
1825,20
1825,22
1825,17
1826,7
1827,27
1827,29
1827,15
1827,8
1827,9
1827,21
1827,1
1827,16
1827,24
1827,11
1828,3
1828,5
1828,4
1828,10
1829,20
1830,0
1830,29
1830,18
1830,5
1830,27
1831,25
1831,1
1832,6
1832,7
1832,3
1832,0
1832,26
1832,20
1832,2
1833,20
1833,2
1833,6
1833,17
1833,24
1834,14
1834,11
1834,18
1834,10
1834,29
1834,15
1835,26
1835,14
1835,10
1835,21
1835,6
1836,19
1837,28
1837,20
1838,21
1838,14
1838,5
1838,19
1838,22
1838,0
1838,4
1838,2
1838,8
1838,6
1839,20
1839,11
1839,8
1839,12
1840,29
1840,25
1841,8
1841,20
1841,9
1841,26
1841,1
1841,25
1841,0
1841,29
1841,5
1841,4
1842,10
1842,2
1842,17
1842,15
1843,25
1843,7
1843,15
1843,13
1843,23
1843,1
1843,26
1843,27
1844,11
1844,3
1844,12
1844,18
1845,16
1845,25
1845,23
1845,12
1845,13
1845,9
1845,8
1845,19
1846,27
1846,6
1847,16
1847,29
1847,20
1847,19
1847,8
1847,25
1847,14
1847,3
1847,6
1847,12
1848,4
1848,3
1848,22
1848,1
1848,7
1848,17
1849,18
1850,24
1850,11
1850,0
1850,19
1850,28
1850,21
1850,13
1851,15
1851,12
1852,22
1852,16
1852,2
1852,28
1852,1
1852,24
1852,9
1852,13
1853,6
1853,25
1853,3
1853,7
1853,21
1853,27
1854,9
1854,6
1854,29
1854,20
1854,16
1854,11
1854,2
1855,14
1855,0
1855,12
1855,23
1855,15
1855,7
1856,5
1857,0
1857,9
1857,7
1857,18
1857,14
1857,19
1857,20
1857,25
1857,28
1858,12
1858,14
1858,3
1859,23
1859,3
1859,4
1859,29
1859,6
1859,8
1859,25
1859,16
1859,10
1860,9
1860,7
1860,8
1860,15
1860,16
1860,24
1860,4
1860,26
1861,19
1861,6
1861,27
1861,14
1861,22
1861,20
1861,4
1861,11
1861,0
1861,13
1862,20
1862,27
1862,3
1862,12
1862,26
1862,16
1862,9
1862,18
1862,2
1862,22
1863,1
1863,0
1863,24
1863,22
1864,4
1864,20
1864,27
1864,28
1864,3
1864,24
1864,1
1864,17
1864,12
1864,7
1865,23
1865,2
1865,5
1865,1
1865,20
1866,25
1866,4
1866,12
1866,0
1866,23
1866,2
1866,5
1866,26
1866,6
1867,29
1867,27
1867,5
1867,9
1867,0
1867,8
1868,2
1868,9
1868,23
1868,26
1868,14
1868,10
1868,25
1868,1
1868,20
1868,4
1869,1
1869,2
1870,8
1870,7
1870,9
1870,17
1870,4
1870,14
1870,22
1870,12
1871,2
1871,8
1871,23
1871,13
1871,25
1871,5
1871,14
1871,10
1871,12
1871,27
1872,22
1872,7
1872,8
1872,24
1873,1
1873,4
1873,29
1873,15
1873,10
1873,23
1874,11
1874,8
1874,14
1874,24
1874,2
1874,15
1874,23
1874,19
1874,5
1875,19
1875,24
1875,10
1875,5
1875,8
1876,12
1876,7
1876,14
1877,23
1877,26
1877,28
1877,11
1877,2
1877,18
1877,10
1877,20
1877,14
1877,13
1878,20
1878,10
1879,3
1879,28
1879,15
1879,27
1879,26
1879,6
1880,3
1881,18
1881,5
1881,16
1882,27
1882,17
1883,7
1883,20
1883,15
1883,24
1883,14
1883,27
1884,8
1884,4
1884,10
1884,9
1884,6
1884,29
1884,24
1884,23
1884,3
1885,25
1885,18
1885,20
1885,10
1885,4
1885,26
1885,2
1885,3
1885,17
1886,21
1887,13
1887,21
1887,27
1888,17
1888,26
1888,24
1888,27
1889,0
1889,26
1890,5
1890,1
1890,11
1890,15
1891,4
1891,11
1892,24
1892,18
1892,3
1892,21
1892,1
1892,20
1892,0
1892,29
1892,27
1893,11
1893,24
1893,7
1893,10
1893,2
1893,23
1894,18
1894,24
1894,6
1894,16
1894,15
1894,4
1894,19
1894,12
1895,17
1895,9
1895,16
1895,29
1895,18
1895,21
1895,13
1895,26
1895,24
1895,4
1896,10
1897,16
1898,17
1898,2
1898,21
1898,26
1898,3
1898,28
1899,22
1899,25
1899,0
1899,6
1900,29
1900,8
1901,13
1901,12
1901,8
1901,27
1901,0
1901,11
1902,10
1902,7
1902,25
1903,25
1903,16
1903,5
1903,11
1903,6
1903,12
1903,13
1903,8
1903,28
1904,3
1904,19
1904,28
1904,24
1904,18
1904,8
1904,25
1905,6
1905,29
1905,8
1905,20
1905,5
1905,18
1906,4
1906,14
1906,25
1906,2
1906,16
1906,19
1906,8
1906,7
1907,3
1907,11
1907,24
1907,12
1907,17
1908,23
1908,12
1909,20
1909,4
1909,29
1909,28
1909,22
1909,24
1909,2
1910,17
1910,19
1910,15
1910,25
1910,21
1910,13
1910,1
1910,3
1911,10
1911,6
1911,2
1911,14
1911,1
1912,12
1912,15
1912,26
1912,14
1912,10
1912,4
1912,16
1912,20
1913,27
1913,2
1913,12
1913,22
1914,5
1914,19
1914,14
1914,3
1914,18
1914,21
1914,25
1914,2
1915,5
1915,28
1915,12
1915,29
1915,19
1915,4
1915,10
1915,1
1915,26
1915,20
1916,26
1916,20
1916,3
1916,23
1916,16
1916,9
1917,17
1917,10
1917,22
1917,15
1917,24
1917,1
1917,6
1917,28
1918,14
1919,25
1920,9
1920,3
1920,18
1921,26
1921,21
1921,1
1921,4
1921,27
1921,13
1921,7
1921,2
1922,13
1922,3
1922,19
1922,28
1922,18
1923,13
1923,5
1923,20
1923,27
1923,24
1924,5
1924,22
1924,25
1924,19
1924,26
1924,16
1924,15
1924,2
1925,2
1925,10
1925,29
1925,23
1925,11
1926,3
1926,0
1926,21
1927,27
1927,12
1927,10
1927,5
1927,8
1927,6
1927,24
1927,20
1928,5
1928,24
1928,11
1928,9
1928,23
1928,16
1928,3
1929,9
1929,12
1929,21
1929,25
1929,13
1930,9
1930,17
1930,26
1930,12
1930,29
1931,6
1931,25
1931,5
1931,15
1932,9
1932,25
1932,12
1932,17
1932,22
1932,16
1932,21
1932,8
1933,8
1933,0
1933,7
1934,13
1934,12
1934,11
1934,18
1934,21
1934,22
1934,8
1935,15
1935,7
1935,23
1935,29
1935,27
1935,0
1935,21
1936,0
1936,7
1936,27
1936,13
1936,23
1936,29
1936,5
1936,15
1936,11
1936,9
1937,7
1938,21
1938,1
1938,2
1938,3
1939,13
1939,1
1940,4
1940,5
1940,9
1940,6
1940,1
1941,22
1941,14
1941,29
1941,16
1941,0
1941,25
1941,3
1942,14
1942,28
1942,26
1942,17
1942,0
1942,23
1942,8
1942,29
1942,11
1943,25
1943,0
1943,9
1944,0
1944,21
1944,7
1944,1
1945,10
1945,12
1945,3
1945,18
1945,23
1945,21
1946,26
1946,2
1946,1
1947,10
1947,29
1947,21
1947,26
1947,6
1947,20
1947,4
1947,28
1947,14
1948,29
1949,13
1949,26
1949,28
1949,25
1950,12
1950,3
1950,14
1950,13
1950,19
1950,23
1950,16
1950,25
1950,6
1951,12
1951,20
1951,16
1951,3
1952,14
1952,27
1952,5
1952,2
1952,17
1952,18
1953,13
1953,5
1954,0
1954,1
1954,13
1954,17
1954,10
1955,23
1956,7
1956,17
1956,27
1956,19
1956,18
1956,23
1956,4
1956,6
1956,0
1956,12
1957,23
1958,11
1958,21
1959,9
1959,5
1959,7
1959,24
1959,18
1959,0
1959,10
1960,29
1960,23
1960,6
1960,17
1961,9
1961,16
1961,4
1961,5
1961,10
1961,24
1962,1
1962,24
1962,17
1962,27
1962,13
1962,20
1962,16
1962,4
1962,6
1962,2
1963,18
1963,14
1963,15
1963,9
1963,19
1963,20
1964,9
1964,24
1964,18
1964,14
1964,20
1964,11
1964,21
1964,8
1964,0
1965,12
1965,22
1965,8
1965,16
1965,20
1965,23
1965,7
1966,26
1966,10
1966,6
1966,17
1966,5
1966,13
1966,22
1966,23
1966,0
1966,19
1967,19
1967,7
1967,12
1967,23
1967,27
1967,10
1967,13
1968,11
1968,17
1968,23
1969,14
1969,12
1969,5
1969,0
1970,9
1970,3
1970,15
1970,4
1970,17
1970,11
1970,28
1970,6
1970,27
1970,23
1971,7
1971,23
1971,12
1971,16
1971,18
1971,24
1972,11
1972,1
1972,8
1972,26
1972,20
1972,28
1972,2
1972,17
1972,0
1973,2
1974,5
1974,15
1975,6
1975,26
1975,5
1975,3
1976,24
1976,13
1976,5
1976,28
1976,11
1976,1
1976,19
1976,3
1976,12
1977,9
1977,6
1977,26
1978,16
1978,3
1978,29
1978,25
1978,1
1978,12
1978,5
1979,11
1979,0
1979,2
1979,5
1979,15
1979,1
1979,12
1979,8
1979,3
1980,11
1980,9
1980,24
1980,7
1980,19
1980,10
1980,20
1980,3
1980,21
1980,13
1981,19
1981,26
1981,0
1981,28
1982,27
1982,16
1982,21
1982,1
1982,5
1983,11
1983,27
1983,29
1983,7
1983,4
1984,23
1984,11
1984,22
1984,7
1984,8
1984,29
1985,11
1985,24
1985,28
1985,2
1985,8
1985,15
1985,20
1986,25
1986,10
1987,19
1987,26
1987,23
1987,17
1988,1
1988,8
1988,11
1988,3
1988,27
1988,29
1988,7
1989,22
1989,10
1990,17
1991,6
1991,0
1991,18
1991,7
1992,22
1992,3
1992,19
1992,6
1992,9
1993,8
1993,11
1993,9
1994,8
1994,13
1994,19
1994,20
1994,0
1994,6
1994,1
1995,26
1996,24
1996,28
1996,16
1996,12
1996,17
1997,24
1997,18
1997,13
1997,10
1997,6
1997,8
1997,15
1997,5
1997,27
1998,18
1998,9
1998,26
1998,5
1998,27
1998,12
1998,29
1998,21
1998,17
1998,6
1999,22
1999,7
